event_id,investor_id,event_timestamp,event_type
1,1,2024-09-22 08:14:00,start_subscription
2,1,2024-09-22 08:33:00,view_offering
3,1,2024-09-22 08:41:00,open_document
4,1,2024-09-22 08:44:00,view_offering
5,1,2024-09-22 08:53:00,view_offering
6,1,2024-09-22 09:06:00,login
7,1,2024-12-06 15:07:00,start_subscription
8,1,2024-12-06 15:12:00,open_document
9,2,2022-04-05 16:17:00,open_document
10,2,2022-06-12 14:21:00,message_support
11,2,2022-06-12 14:37:00,view_offering
12,2,2022-06-12 14:59:00,start_subscription
13,2,2022-06-12 15:09:00,login
14,2,2022-06-12 15:27:00,message_support
15,2,2022-06-12 15:42:00,view_offering
16,2,2022-06-12 15:45:00,open_document
17,2,2022-07-17 11:09:00,login
18,2,2022-07-17 11:30:00,start_subscription
19,2,2022-07-17 11:44:00,message_support
20,2,2022-07-17 11:50:00,start_subscription
21,3,2024-05-23 14:03:00,message_support
22,3,2024-08-08 16:22:00,start_subscription
23,3,2024-08-08 16:45:00,start_subscription
24,3,2024-10-01 13:04:00,open_document
25,3,2024-10-01 13:28:00,open_document
26,3,2024-10-01 13:37:00,message_support
27,3,2024-10-01 13:48:00,start_subscription
28,3,2024-10-01 14:10:00,open_document
29,3,2024-10-01 14:22:00,login
30,4,2022-05-05 17:16:00,view_offering
31,4,2022-05-05 17:35:00,start_subscription
32,4,2022-05-05 17:43:00,message_support
33,4,2022-05-05 17:57:00,open_document
34,4,2022-05-05 18:01:00,start_subscription
35,4,2022-05-05 18:19:00,message_support
36,4,2022-05-05 18:38:00,start_subscription
37,5,2024-10-29 16:02:00,message_support
38,5,2024-10-29 16:06:00,message_support
39,5,2024-10-29 16:27:00,login
40,5,2024-10-29 16:46:00,login
41,5,2024-11-14 16:19:00,message_support
42,5,2024-11-14 16:33:00,start_subscription
43,5,2024-11-14 16:56:00,login
44,5,2024-12-29 23:15:00,start_subscription
45,5,2024-12-29 23:34:00,message_support
46,5,2024-12-29 23:36:00,start_subscription
47,5,2024-12-29 23:57:00,start_subscription
48,5,2024-12-30 00:19:00,login
49,5,2024-12-30 00:26:00,message_support
50,5,2024-12-30 00:32:00,login
51,5,2025-03-21 01:10:00,start_subscription
52,5,2025-03-25 09:09:00,open_document
53,5,2025-03-25 09:31:00,open_document
54,5,2025-03-25 09:43:00,view_offering
55,5,2025-03-25 09:52:00,start_subscription
56,6,2022-01-04 13:21:00,open_document
57,6,2022-01-04 13:46:00,view_offering
58,6,2022-01-04 13:53:00,message_support
59,6,2022-01-04 14:18:00,message_support
60,6,2022-01-04 14:39:00,open_document
61,6,2022-01-04 15:03:00,start_subscription
62,7,2021-08-01 13:03:00,open_document
63,7,2021-08-01 13:15:00,message_support
64,7,2021-08-01 13:33:00,view_offering
65,7,2021-08-01 13:44:00,open_document
66,7,2021-08-01 13:48:00,login
67,7,2021-08-01 14:09:00,start_subscription
68,7,2021-08-01 14:20:00,message_support
69,7,2021-10-04 20:25:00,start_subscription
70,7,2021-10-04 20:32:00,open_document
71,7,2021-12-06 22:15:00,open_document
72,7,2021-12-06 22:40:00,view_offering
73,7,2021-12-06 22:46:00,open_document
74,8,2021-04-14 09:10:00,message_support
75,8,2021-04-14 09:33:00,message_support
76,8,2021-04-14 09:43:00,message_support
77,8,2021-04-14 10:01:00,view_offering
78,8,2021-04-14 10:14:00,message_support
79,9,2024-07-21 09:03:00,message_support
80,9,2024-10-14 12:09:00,view_offering
81,9,2024-10-14 12:32:00,open_document
82,9,2024-10-14 12:50:00,open_document
83,9,2024-10-14 13:03:00,view_offering
84,9,2024-10-14 13:16:00,login
85,9,2024-10-14 13:40:00,open_document
86,9,2024-10-14 14:00:00,message_support
87,9,2024-10-25 14:15:00,login
88,9,2024-10-25 14:23:00,message_support
89,9,2024-11-14 21:01:00,start_subscription
90,9,2024-11-14 21:09:00,view_offering
91,9,2024-11-14 21:17:00,view_offering
92,9,2025-01-11 04:07:00,view_offering
93,9,2025-01-11 04:08:00,open_document
94,9,2025-01-11 04:16:00,login
95,9,2025-01-11 04:36:00,start_subscription
96,9,2025-01-11 04:51:00,start_subscription
97,9,2025-01-11 05:09:00,message_support
98,9,2025-01-11 05:28:00,view_offering
99,9,2025-03-05 03:17:00,message_support
100,9,2025-03-05 03:30:00,message_support
101,9,2025-03-05 03:43:00,open_document
102,9,2025-03-05 04:06:00,open_document
103,9,2025-03-05 04:15:00,start_subscription
104,9,2025-03-05 04:27:00,open_document
105,9,2025-03-05 04:35:00,open_document
106,10,2021-07-08 07:05:00,open_document
107,10,2021-07-08 07:28:00,view_offering
108,10,2021-07-08 07:46:00,message_support
109,10,2021-07-08 07:51:00,login
110,10,2021-07-08 08:08:00,start_subscription
111,10,2021-07-08 08:26:00,open_document
112,10,2021-07-22 13:24:00,open_document
113,10,2021-07-22 13:47:00,message_support
114,10,2021-08-20 17:19:00,login
115,10,2021-08-20 17:34:00,message_support
116,10,2021-08-20 17:49:00,start_subscription
117,10,2021-11-04 20:06:00,login
118,10,2022-01-16 00:21:00,login
119,10,2022-01-16 00:33:00,start_subscription
120,10,2022-01-16 00:56:00,view_offering
121,10,2022-01-16 00:59:00,open_document
122,10,2022-01-16 01:02:00,open_document
123,11,2021-08-28 17:23:00,message_support
124,11,2021-10-30 20:25:00,view_offering
125,11,2021-10-30 20:38:00,view_offering
126,11,2021-10-30 21:00:00,start_subscription
127,11,2021-10-30 21:10:00,message_support
128,11,2021-10-30 21:33:00,open_document
129,11,2021-10-30 21:44:00,view_offering
130,11,2022-01-12 01:05:00,message_support
131,11,2022-01-12 01:27:00,message_support
132,11,2022-01-12 01:38:00,login
133,11,2022-01-12 01:58:00,login
134,11,2022-02-27 07:25:00,login
135,11,2022-05-17 05:14:00,view_offering
136,11,2022-05-17 05:38:00,view_offering
137,11,2022-05-17 05:46:00,message_support
138,11,2022-05-17 06:11:00,view_offering
139,11,2022-05-17 06:17:00,login
140,12,2023-04-03 17:11:00,login
141,12,2023-04-16 20:23:00,start_subscription
142,12,2023-04-16 20:37:00,start_subscription
143,12,2023-04-16 21:00:00,start_subscription
144,12,2023-04-16 21:05:00,open_document
145,12,2023-04-16 21:11:00,login
146,12,2023-05-26 22:23:00,start_subscription
147,12,2023-05-26 22:32:00,start_subscription
148,12,2023-06-07 21:13:00,view_offering
149,12,2023-06-07 21:21:00,open_document
150,12,2023-06-07 21:42:00,login
151,12,2023-07-22 01:04:00,message_support
152,12,2023-07-22 01:13:00,login
153,12,2023-07-22 01:33:00,login
154,12,2023-07-22 01:51:00,login
155,12,2023-07-22 02:13:00,open_document
156,12,2023-07-22 02:17:00,view_offering
157,12,2023-07-22 02:18:00,message_support
158,12,2023-07-23 22:13:00,open_document
159,12,2023-07-23 22:14:00,message_support
160,12,2023-07-23 22:33:00,open_document
161,13,2024-08-16 09:20:00,start_subscription
162,13,2024-08-16 09:26:00,message_support
163,13,2024-08-16 09:33:00,open_document
164,13,2024-08-16 09:37:00,view_offering
165,13,2024-08-16 09:57:00,open_document
166,13,2024-08-16 10:16:00,view_offering
167,14,2022-07-30 14:15:00,login
168,14,2022-07-30 14:35:00,login
169,14,2022-10-07 12:10:00,open_document
170,14,2022-10-07 12:14:00,open_document
171,14,2022-10-07 12:36:00,view_offering
172,14,2022-10-07 12:55:00,message_support
173,14,2022-10-07 13:01:00,login
174,14,2022-10-07 13:17:00,view_offering
175,14,2022-10-07 13:37:00,view_offering
176,14,2022-12-25 14:22:00,message_support
177,14,2022-12-25 14:35:00,start_subscription
178,14,2022-12-25 14:39:00,message_support
179,14,2022-12-25 14:42:00,open_document
180,14,2023-01-26 16:08:00,start_subscription
181,14,2023-01-26 16:15:00,start_subscription
182,15,2022-12-12 06:22:00,message_support
183,15,2022-12-12 06:26:00,message_support
184,15,2022-12-12 06:29:00,open_document
185,15,2022-12-12 06:46:00,message_support
186,16,2023-07-01 14:13:00,message_support
187,16,2023-07-01 14:34:00,view_offering
188,16,2023-07-01 14:44:00,open_document
189,16,2023-07-01 14:49:00,start_subscription
190,16,2023-07-01 15:14:00,view_offering
191,16,2023-08-08 21:13:00,start_subscription
192,16,2023-08-08 21:26:00,login
193,16,2023-08-08 21:42:00,login
194,16,2023-08-08 21:58:00,login
195,16,2023-09-20 02:20:00,start_subscription
196,16,2023-09-20 02:30:00,start_subscription
197,16,2023-09-20 02:55:00,open_document
198,16,2023-09-20 03:20:00,login
199,16,2023-11-26 23:03:00,open_document
200,16,2023-11-26 23:22:00,message_support
201,16,2024-02-04 22:11:00,login
202,16,2024-02-04 22:29:00,login
203,16,2024-02-04 22:31:00,open_document
204,16,2024-02-04 22:44:00,view_offering
205,16,2024-02-04 22:56:00,message_support
206,16,2024-02-04 22:58:00,start_subscription
207,17,2024-11-09 14:06:00,message_support
208,17,2024-11-09 14:18:00,login
209,17,2024-11-09 14:25:00,login
210,17,2024-11-09 14:40:00,view_offering
211,17,2024-11-09 14:48:00,open_document
212,17,2024-11-09 14:51:00,view_offering
213,17,2024-11-09 15:07:00,view_offering
214,17,2025-01-22 21:01:00,login
215,17,2025-01-22 21:14:00,view_offering
216,17,2025-01-22 21:37:00,login
217,17,2025-01-22 21:47:00,login
218,17,2025-01-22 21:55:00,open_document
219,17,2025-02-15 00:08:00,open_document
220,17,2025-02-15 00:21:00,login
221,17,2025-02-15 00:26:00,view_offering
222,17,2025-02-15 00:46:00,view_offering
223,17,2025-02-15 01:06:00,open_document
224,17,2025-02-15 01:20:00,message_support
225,17,2025-02-15 01:43:00,open_document
226,17,2025-03-14 07:09:00,start_subscription
227,17,2025-03-14 07:32:00,login
228,17,2025-03-14 07:46:00,start_subscription
229,17,2025-03-14 07:59:00,open_document
230,17,2025-03-14 08:06:00,start_subscription
231,17,2025-03-14 08:15:00,message_support
232,17,2025-03-16 14:13:00,login
233,17,2025-03-16 14:36:00,start_subscription
234,17,2025-03-16 14:41:00,view_offering
235,17,2025-03-16 14:44:00,login
236,17,2025-03-16 14:48:00,view_offering
237,17,2025-03-16 15:04:00,login
238,17,2025-04-09 19:06:00,open_document
239,17,2025-04-09 19:28:00,start_subscription
240,17,2025-04-09 19:38:00,message_support
241,18,2022-08-03 15:04:00,login
242,18,2022-08-03 15:17:00,view_offering
243,18,2022-08-03 15:20:00,message_support
244,18,2022-10-06 15:17:00,login
245,18,2022-10-06 15:33:00,start_subscription
246,18,2022-10-20 13:02:00,start_subscription
247,18,2022-10-20 13:08:00,login
248,19,2024-04-21 09:20:00,open_document
249,19,2024-04-21 09:35:00,view_offering
250,19,2024-04-21 09:50:00,message_support
251,19,2024-04-21 10:15:00,login
252,19,2024-07-15 14:07:00,view_offering
253,19,2024-07-15 14:31:00,open_document
254,19,2024-07-15 14:33:00,message_support
255,19,2024-07-15 14:34:00,view_offering
256,19,2024-07-15 14:45:00,open_document
257,19,2024-07-15 14:51:00,open_document
258,19,2024-07-15 15:06:00,view_offering
259,19,2024-10-06 11:13:00,view_offering
260,19,2024-10-06 11:23:00,message_support
261,19,2024-10-06 11:26:00,view_offering
262,19,2024-10-06 11:32:00,view_offering
263,19,2024-11-18 18:15:00,login
264,19,2024-11-18 18:30:00,login
265,19,2024-11-18 18:38:00,message_support
266,19,2024-11-18 18:55:00,open_document
267,19,2024-11-18 19:13:00,view_offering
268,19,2024-11-18 19:18:00,message_support
269,19,2024-12-29 15:22:00,login
270,19,2025-02-20 20:01:00,message_support
271,19,2025-02-20 20:25:00,view_offering
272,19,2025-02-20 20:49:00,open_document
273,19,2025-02-20 21:01:00,login
274,19,2025-02-20 21:06:00,login
275,20,2023-12-10 06:01:00,message_support
276,20,2023-12-10 06:03:00,start_subscription
277,20,2023-12-10 06:28:00,message_support
278,20,2023-12-10 06:32:00,view_offering
279,20,2024-02-29 03:18:00,login
280,20,2024-02-29 03:19:00,start_subscription
281,20,2024-02-29 03:38:00,start_subscription
282,20,2024-02-29 03:48:00,message_support
283,20,2024-02-29 04:01:00,start_subscription
284,20,2024-03-31 10:20:00,open_document
285,20,2024-03-31 10:32:00,start_subscription
286,20,2024-03-31 10:48:00,view_offering
287,20,2024-03-31 11:03:00,message_support
288,20,2024-05-17 10:10:00,view_offering
289,20,2024-05-17 10:23:00,open_document
290,20,2024-06-07 12:01:00,start_subscription
291,20,2024-06-07 12:11:00,view_offering
292,20,2024-06-07 12:13:00,start_subscription
293,20,2024-06-07 12:27:00,message_support
294,20,2024-06-07 12:35:00,start_subscription
295,20,2024-06-07 12:40:00,open_document
296,20,2024-07-04 15:14:00,start_subscription
297,20,2024-07-04 15:38:00,start_subscription
298,20,2024-07-04 15:53:00,start_subscription
299,20,2024-07-04 16:08:00,open_document
300,21,2024-08-20 16:05:00,message_support
301,21,2024-08-20 16:12:00,view_offering
302,21,2024-08-20 16:19:00,view_offering
303,21,2024-08-20 16:38:00,view_offering
304,21,2024-11-13 22:15:00,message_support
305,21,2024-11-13 22:40:00,start_subscription
306,21,2024-11-13 22:52:00,open_document
307,21,2024-12-12 01:16:00,login
308,21,2024-12-12 01:34:00,start_subscription
309,22,2023-05-12 12:07:00,view_offering
310,22,2023-06-25 17:22:00,start_subscription
311,22,2023-06-25 17:39:00,start_subscription
312,22,2023-07-19 21:23:00,view_offering
313,23,2025-01-06 16:09:00,message_support
314,23,2025-01-06 16:34:00,view_offering
315,23,2025-03-30 19:07:00,view_offering
316,23,2025-03-30 19:21:00,open_document
317,23,2025-03-30 19:36:00,view_offering
318,23,2025-03-30 20:00:00,view_offering
319,23,2025-03-30 20:25:00,start_subscription
320,23,2025-05-11 01:20:00,message_support
321,23,2025-05-11 01:44:00,login
322,23,2025-05-11 02:06:00,login
323,23,2025-05-11 02:09:00,login
324,23,2025-05-11 02:10:00,login
325,23,2025-05-11 02:12:00,open_document
326,23,2025-05-11 02:15:00,open_document
327,23,2025-06-26 01:05:00,view_offering
328,23,2025-06-26 01:15:00,login
329,23,2025-06-26 01:27:00,message_support
330,23,2025-06-26 01:38:00,message_support
331,23,2025-06-26 01:53:00,start_subscription
332,23,2025-06-26 02:04:00,view_offering
333,24,2023-01-06 07:18:00,view_offering
334,24,2023-01-06 07:23:00,view_offering
335,24,2023-01-06 07:37:00,login
336,24,2023-01-06 07:55:00,message_support
337,24,2023-01-06 08:09:00,view_offering
338,24,2023-01-06 08:27:00,message_support
339,24,2023-01-06 08:48:00,start_subscription
340,24,2023-04-06 08:08:00,login
341,24,2023-04-06 08:30:00,view_offering
342,24,2023-04-06 08:45:00,login
343,24,2023-04-06 09:10:00,login
344,24,2023-04-06 09:15:00,start_subscription
345,24,2023-04-06 09:31:00,start_subscription
346,24,2023-06-07 07:01:00,message_support
347,24,2023-06-07 07:24:00,open_document
348,24,2023-06-07 07:39:00,message_support
349,24,2023-06-07 07:58:00,view_offering
350,24,2023-06-07 08:13:00,login
351,24,2023-06-07 08:29:00,message_support
352,24,2023-06-07 08:41:00,open_document
353,25,2022-08-11 07:05:00,message_support
354,25,2022-08-11 07:15:00,start_subscription
355,26,2022-09-19 16:21:00,open_document
356,26,2022-09-19 16:31:00,login
357,26,2022-11-04 22:16:00,login
358,26,2022-11-04 22:36:00,message_support
359,26,2022-11-04 22:50:00,view_offering
360,26,2022-11-04 23:02:00,open_document
361,26,2022-11-04 23:09:00,message_support
362,26,2022-11-04 23:18:00,message_support
363,26,2022-11-04 23:19:00,start_subscription
364,27,2024-02-01 06:08:00,open_document
365,27,2024-02-01 06:17:00,start_subscription
366,27,2024-02-01 06:31:00,open_document
367,27,2024-02-01 06:33:00,open_document
368,27,2024-02-01 06:57:00,start_subscription
369,27,2024-02-01 07:19:00,login
370,27,2024-03-15 11:05:00,message_support
371,27,2024-03-17 19:01:00,open_document
372,27,2024-03-17 19:14:00,view_offering
373,27,2024-03-17 19:30:00,start_subscription
374,27,2024-03-17 19:43:00,login
375,27,2024-03-17 20:06:00,open_document
376,28,2022-12-14 11:17:00,start_subscription
377,28,2022-12-14 11:31:00,open_document
378,28,2022-12-14 11:36:00,open_document
379,28,2023-01-17 16:16:00,open_document
380,28,2023-01-17 16:25:00,login
381,28,2023-03-16 23:22:00,open_document
382,28,2023-05-21 21:05:00,login
383,28,2023-06-22 19:12:00,login
384,28,2023-06-22 19:17:00,message_support
385,28,2023-07-23 17:03:00,login
386,28,2023-07-23 17:27:00,login
387,28,2023-07-23 17:51:00,open_document
388,28,2023-07-23 18:11:00,login
389,28,2023-07-23 18:16:00,message_support
390,28,2023-07-23 18:37:00,start_subscription
391,28,2023-07-23 18:58:00,open_document
392,29,2021-05-13 15:02:00,view_offering
393,29,2021-06-08 23:06:00,login
394,29,2021-06-20 20:22:00,view_offering
395,29,2021-06-20 20:29:00,login
396,29,2021-06-20 20:52:00,login
397,29,2021-06-20 21:05:00,open_document
398,29,2021-09-10 01:16:00,view_offering
399,29,2021-09-10 01:39:00,start_subscription
400,29,2021-11-27 09:16:00,open_document
401,29,2021-11-27 09:40:00,message_support
402,29,2021-12-05 13:17:00,login
403,29,2021-12-05 13:20:00,view_offering
404,30,2023-10-27 08:19:00,view_offering
405,30,2023-10-27 08:42:00,login
406,30,2023-10-27 09:05:00,login
407,30,2023-10-27 09:12:00,view_offering
408,30,2023-10-27 09:23:00,view_offering
409,30,2023-11-17 11:19:00,open_document
410,30,2023-11-17 11:39:00,start_subscription
411,30,2023-11-17 11:56:00,open_document
412,30,2023-11-17 12:03:00,start_subscription
413,30,2023-11-17 12:12:00,open_document
414,30,2023-11-17 12:36:00,view_offering
415,31,2023-09-02 16:09:00,open_document
416,31,2023-09-02 16:34:00,view_offering
417,31,2023-09-02 16:37:00,login
418,31,2023-09-02 16:40:00,start_subscription
419,31,2023-09-02 16:52:00,login
420,31,2023-09-02 17:12:00,start_subscription
421,31,2023-09-13 23:23:00,start_subscription
422,31,2023-09-13 23:24:00,login
423,31,2023-09-13 23:35:00,message_support
424,31,2023-09-14 00:00:00,open_document
425,31,2023-09-14 00:23:00,message_support
426,31,2023-09-14 00:45:00,login
427,31,2023-09-14 01:04:00,open_document
428,31,2023-10-25 03:24:00,start_subscription
429,31,2023-10-25 03:36:00,start_subscription
430,31,2023-10-25 03:46:00,start_subscription
431,31,2023-12-05 08:07:00,view_offering
432,31,2023-12-05 08:26:00,view_offering
433,31,2023-12-05 08:28:00,open_document
434,31,2023-12-05 08:42:00,start_subscription
435,31,2023-12-05 08:57:00,open_document
436,31,2023-12-05 09:10:00,start_subscription
437,31,2024-02-03 12:05:00,start_subscription
438,31,2024-02-03 12:19:00,login
439,32,2022-04-20 12:21:00,view_offering
440,32,2022-04-20 12:34:00,open_document
441,32,2022-04-20 12:35:00,start_subscription
442,32,2022-04-20 12:57:00,view_offering
443,32,2022-04-20 13:02:00,message_support
444,32,2022-04-20 13:08:00,view_offering
445,32,2022-04-20 13:12:00,login
446,32,2022-06-10 16:09:00,open_document
447,32,2022-06-10 16:16:00,login
448,33,2022-11-21 08:18:00,open_document
449,33,2022-11-21 08:26:00,view_offering
450,33,2022-11-21 08:42:00,message_support
451,33,2023-01-24 11:06:00,start_subscription
452,33,2023-01-24 11:28:00,login
453,33,2023-01-24 11:40:00,login
454,33,2023-01-24 11:43:00,open_document
455,33,2023-03-27 17:05:00,view_offering
456,33,2023-03-27 17:22:00,start_subscription
457,33,2023-03-27 17:29:00,start_subscription
458,33,2023-05-29 14:21:00,view_offering
459,33,2023-05-29 14:32:00,open_document
460,33,2023-05-29 14:54:00,message_support
461,34,2023-10-01 07:05:00,message_support
462,34,2023-10-01 07:15:00,open_document
463,34,2023-10-01 07:39:00,open_document
464,34,2023-10-01 08:02:00,view_offering
465,34,2023-10-01 08:14:00,message_support
466,34,2023-12-01 05:15:00,open_document
467,34,2024-01-24 05:11:00,view_offering
468,34,2024-01-24 05:22:00,start_subscription
469,34,2024-02-29 10:19:00,open_document
470,34,2024-02-29 10:42:00,view_offering
471,34,2024-02-29 10:47:00,open_document
472,35,2024-04-23 09:19:00,message_support
473,35,2024-04-23 09:27:00,view_offering
474,35,2024-04-23 09:43:00,message_support
475,35,2024-04-23 09:59:00,login
476,35,2024-04-23 10:10:00,message_support
477,35,2024-04-23 10:14:00,start_subscription
478,35,2024-05-12 15:03:00,message_support
479,35,2024-05-12 15:19:00,start_subscription
480,35,2024-05-12 15:39:00,open_document
481,35,2024-05-21 19:25:00,view_offering
482,35,2024-05-21 19:50:00,open_document
483,35,2024-05-21 20:13:00,view_offering
484,35,2024-05-21 20:25:00,login
485,35,2024-07-21 19:21:00,login
486,35,2024-07-21 19:32:00,open_document
487,35,2024-10-09 23:05:00,open_document
488,35,2024-10-09 23:16:00,start_subscription
489,35,2024-10-09 23:27:00,message_support
490,35,2024-10-09 23:45:00,view_offering
491,35,2024-10-10 00:06:00,view_offering
492,35,2024-12-26 05:10:00,login
493,36,2021-06-13 14:17:00,open_document
494,36,2021-06-13 14:25:00,start_subscription
495,36,2021-06-13 14:39:00,login
496,36,2021-06-13 14:49:00,open_document
497,36,2021-06-13 14:56:00,view_offering
498,36,2021-06-13 15:06:00,login
499,36,2021-06-13 15:07:00,start_subscription
500,36,2021-06-24 16:25:00,view_offering
501,36,2021-06-24 16:40:00,start_subscription
502,36,2021-06-24 16:58:00,view_offering
503,36,2021-06-24 17:18:00,start_subscription
504,36,2021-08-04 14:15:00,open_document
505,36,2021-08-04 14:22:00,message_support
506,36,2021-08-04 14:37:00,open_document
507,36,2021-08-25 20:11:00,login
508,36,2021-08-25 20:15:00,login
509,36,2021-10-07 01:12:00,view_offering
510,36,2021-10-07 01:23:00,start_subscription
511,36,2021-10-07 01:41:00,login
512,36,2021-10-07 02:02:00,start_subscription
513,36,2021-12-29 03:06:00,open_document
514,36,2021-12-29 03:26:00,login
515,36,2021-12-29 03:47:00,open_document
516,36,2021-12-29 03:58:00,message_support
517,37,2022-07-31 14:24:00,view_offering
518,37,2022-10-03 12:05:00,view_offering
519,37,2022-10-17 17:23:00,view_offering
520,37,2022-10-17 17:26:00,open_document
521,37,2022-12-02 19:14:00,open_document
522,37,2022-12-11 23:18:00,login
523,37,2022-12-11 23:35:00,start_subscription
524,37,2022-12-11 23:56:00,start_subscription
525,37,2022-12-12 00:19:00,view_offering
526,38,2023-09-08 09:06:00,login
527,38,2023-09-08 09:31:00,open_document
528,38,2023-09-08 09:39:00,view_offering
529,38,2023-09-08 09:41:00,message_support
530,38,2023-09-12 06:23:00,view_offering
531,38,2023-09-12 06:39:00,login
532,38,2023-09-12 06:41:00,view_offering
533,38,2023-09-12 07:06:00,view_offering
534,38,2023-09-12 07:11:00,view_offering
535,38,2023-09-12 07:28:00,open_document
536,38,2023-10-24 09:21:00,start_subscription
537,38,2023-10-24 09:22:00,message_support
538,38,2023-10-24 09:47:00,open_document
539,38,2023-10-24 10:03:00,login
540,38,2023-10-24 10:25:00,start_subscription
541,38,2023-10-24 10:43:00,login
542,38,2023-10-24 10:45:00,view_offering
543,38,2024-01-08 06:08:00,message_support
544,38,2024-01-08 06:24:00,login
545,38,2024-02-22 14:19:00,open_document
546,39,2021-08-09 12:05:00,message_support
547,39,2021-08-09 12:06:00,message_support
548,39,2021-09-15 13:12:00,message_support
549,39,2021-09-15 13:25:00,view_offering
550,39,2021-09-15 13:32:00,message_support
551,39,2021-09-15 13:41:00,open_document
552,39,2021-09-15 13:48:00,open_document
553,39,2021-10-19 16:21:00,open_document
554,39,2021-12-16 13:20:00,message_support
555,39,2021-12-16 13:45:00,start_subscription
556,39,2021-12-16 13:52:00,view_offering
557,39,2021-12-16 13:56:00,login
558,39,2022-02-04 11:07:00,view_offering
559,39,2022-02-04 11:32:00,message_support
560,39,2022-02-04 11:56:00,open_document
561,39,2022-02-04 12:19:00,view_offering
562,39,2022-02-04 12:38:00,open_document
563,39,2022-02-04 12:50:00,start_subscription
564,40,2024-11-22 16:19:00,open_document
565,40,2024-11-22 16:26:00,message_support
566,41,2022-07-04 06:06:00,open_document
567,41,2022-07-04 06:13:00,start_subscription
568,42,2022-09-13 17:15:00,start_subscription
569,42,2022-09-13 17:35:00,view_offering
570,42,2022-09-13 17:51:00,start_subscription
571,42,2022-11-24 23:22:00,view_offering
572,42,2022-11-24 23:25:00,message_support
573,42,2022-11-24 23:29:00,login
574,42,2022-11-29 05:01:00,open_document
575,42,2022-11-30 06:13:00,message_support
576,42,2022-11-30 06:19:00,login
577,42,2022-11-30 06:21:00,open_document
578,42,2022-11-30 06:28:00,view_offering
579,42,2023-01-24 14:03:00,open_document
580,42,2023-01-24 14:17:00,login
581,42,2023-01-24 14:27:00,login
582,42,2023-02-09 15:09:00,start_subscription
583,42,2023-02-09 15:16:00,login
584,43,2021-10-16 06:06:00,login
585,43,2021-10-16 06:10:00,login
586,43,2021-10-16 06:34:00,view_offering
587,43,2021-10-16 06:49:00,message_support
588,43,2022-01-13 11:09:00,login
589,43,2022-01-13 11:32:00,message_support
590,43,2022-01-13 11:48:00,login
591,43,2022-04-12 10:03:00,start_subscription
592,43,2022-04-12 10:25:00,start_subscription
593,43,2022-04-16 07:14:00,start_subscription
594,43,2022-04-16 07:28:00,view_offering
595,43,2022-04-16 07:29:00,message_support
596,43,2022-04-16 07:31:00,login
597,43,2022-05-22 15:24:00,start_subscription
598,43,2022-05-22 15:31:00,open_document
599,43,2022-05-22 15:32:00,open_document
600,43,2022-06-16 15:15:00,login
601,43,2022-06-16 15:36:00,login
602,43,2022-06-16 15:55:00,start_subscription
603,43,2022-06-16 16:13:00,start_subscription
604,43,2022-06-16 16:21:00,login
605,43,2022-06-16 16:31:00,open_document
606,44,2022-07-16 11:16:00,message_support
607,44,2022-07-16 11:22:00,open_document
608,44,2022-07-16 11:44:00,open_document
609,44,2022-07-16 12:08:00,message_support
610,45,2021-12-23 11:21:00,open_document
611,45,2021-12-23 11:35:00,view_offering
612,45,2021-12-23 11:54:00,start_subscription
613,45,2021-12-23 12:06:00,start_subscription
614,45,2021-12-23 12:18:00,open_document
615,45,2021-12-23 12:23:00,start_subscription
616,45,2022-03-20 16:12:00,start_subscription
617,45,2022-03-20 16:15:00,message_support
618,45,2022-03-20 16:24:00,view_offering
619,45,2022-03-20 16:35:00,open_document
620,45,2022-06-11 20:25:00,message_support
621,45,2022-06-11 20:47:00,view_offering
622,45,2022-06-11 20:49:00,open_document
623,45,2022-06-11 21:06:00,view_offering
624,45,2022-08-27 22:21:00,view_offering
625,45,2022-08-27 22:40:00,view_offering
626,45,2022-08-27 22:47:00,start_subscription
627,45,2022-08-27 22:50:00,start_subscription
628,45,2022-08-27 22:54:00,message_support
629,45,2022-11-05 19:04:00,message_support
630,45,2022-11-05 19:05:00,open_document
631,45,2022-11-05 19:23:00,view_offering
632,45,2022-11-05 19:47:00,view_offering
633,45,2022-11-05 20:09:00,open_document
634,46,2023-06-01 11:12:00,message_support
635,46,2023-06-01 11:25:00,message_support
636,46,2023-06-01 11:47:00,start_subscription
637,46,2023-06-01 11:55:00,message_support
638,46,2023-06-01 12:07:00,start_subscription
639,46,2023-06-01 12:30:00,login
640,46,2023-06-30 18:15:00,view_offering
641,46,2023-06-30 18:38:00,view_offering
642,46,2023-06-30 19:01:00,login
643,46,2023-06-30 19:18:00,login
644,46,2023-06-30 19:34:00,view_offering
645,46,2023-06-30 19:37:00,open_document
646,46,2023-07-31 21:07:00,message_support
647,46,2023-07-31 21:28:00,login
648,46,2023-07-31 21:35:00,login
649,46,2023-08-03 18:04:00,view_offering
650,46,2023-08-03 18:10:00,login
651,46,2023-08-03 18:13:00,open_document
652,47,2022-02-09 12:22:00,start_subscription
653,47,2022-02-09 12:23:00,message_support
654,47,2022-02-09 12:33:00,open_document
655,47,2022-03-31 14:10:00,start_subscription
656,47,2022-03-31 14:30:00,message_support
657,47,2022-06-01 21:19:00,login
658,47,2022-06-01 21:41:00,start_subscription
659,47,2022-06-01 21:43:00,start_subscription
660,47,2022-06-01 21:54:00,open_document
661,47,2022-06-01 21:55:00,open_document
662,47,2022-08-31 01:13:00,message_support
663,47,2022-08-31 01:38:00,login
664,47,2022-08-31 01:52:00,message_support
665,47,2022-08-31 02:12:00,open_document
666,47,2022-08-31 02:34:00,start_subscription
667,47,2022-08-31 02:35:00,start_subscription
668,47,2022-08-31 02:37:00,start_subscription
669,48,2022-12-05 10:03:00,login
670,48,2022-12-05 10:11:00,login
671,48,2022-12-05 10:26:00,start_subscription
672,48,2022-12-05 10:50:00,open_document
673,48,2022-12-05 10:58:00,message_support
674,49,2021-05-02 11:18:00,start_subscription
675,49,2021-05-02 11:25:00,message_support
676,49,2021-05-02 11:39:00,login
677,49,2021-05-04 18:19:00,login
678,49,2021-05-04 18:36:00,start_subscription
679,49,2021-05-13 23:15:00,open_document
680,49,2021-05-13 23:38:00,message_support
681,49,2021-07-03 04:24:00,login
682,49,2021-07-03 04:33:00,message_support
683,49,2021-07-03 04:37:00,message_support
684,49,2021-07-03 04:53:00,view_offering
685,49,2021-07-03 05:08:00,open_document
686,49,2021-07-03 05:14:00,login
687,50,2024-12-30 11:04:00,view_offering
688,50,2024-12-30 11:07:00,view_offering
689,50,2024-12-30 11:23:00,start_subscription
690,50,2024-12-30 11:31:00,login
691,50,2025-02-18 19:21:00,view_offering
692,50,2025-02-18 19:46:00,start_subscription
693,50,2025-02-18 19:48:00,open_document
694,50,2025-02-18 19:54:00,view_offering
695,50,2025-02-18 20:05:00,message_support
696,50,2025-02-18 20:21:00,view_offering
697,50,2025-02-18 20:44:00,start_subscription
698,50,2025-05-19 17:06:00,view_offering
699,51,2021-06-09 15:15:00,start_subscription
700,51,2021-07-26 23:01:00,message_support
701,51,2021-07-26 23:24:00,open_document
702,51,2021-07-26 23:45:00,message_support
703,51,2021-07-26 23:49:00,start_subscription
704,52,2022-10-15 10:18:00,start_subscription
705,52,2022-10-15 10:21:00,login
706,52,2022-10-15 10:24:00,open_document
707,52,2022-10-15 10:46:00,open_document
708,52,2022-12-15 13:08:00,view_offering
709,52,2022-12-15 13:12:00,login
710,52,2022-12-15 13:18:00,login
711,52,2022-12-15 13:37:00,view_offering
712,52,2022-12-15 13:59:00,view_offering
713,52,2023-02-11 20:12:00,message_support
714,52,2023-02-11 20:21:00,start_subscription
715,52,2023-02-11 20:24:00,view_offering
716,52,2023-02-11 20:43:00,start_subscription
717,52,2023-02-11 20:47:00,message_support
718,52,2023-02-17 20:05:00,open_document
719,52,2023-02-17 20:10:00,start_subscription
720,53,2022-08-15 06:01:00,login
721,53,2022-08-15 06:18:00,open_document
722,53,2022-08-15 06:37:00,message_support
723,53,2022-08-15 06:38:00,open_document
724,53,2022-08-15 06:43:00,open_document
725,54,2021-07-30 09:22:00,start_subscription
726,54,2021-07-30 09:38:00,start_subscription
727,54,2021-08-27 07:13:00,message_support
728,54,2021-08-27 07:34:00,message_support
729,55,2024-01-26 16:17:00,view_offering
730,55,2024-01-26 16:42:00,login
731,56,2022-07-21 07:06:00,view_offering
732,56,2022-07-21 07:27:00,start_subscription
733,56,2022-07-21 07:48:00,open_document
734,56,2022-07-21 07:56:00,open_document
735,56,2022-07-21 08:10:00,login
736,56,2022-09-15 04:11:00,start_subscription
737,56,2022-09-15 04:12:00,view_offering
738,56,2022-09-15 04:34:00,open_document
739,56,2022-09-15 04:47:00,start_subscription
740,56,2022-09-15 05:07:00,view_offering
741,56,2022-09-15 05:31:00,view_offering
742,56,2022-09-15 05:47:00,message_support
743,56,2022-11-20 07:25:00,view_offering
744,56,2022-11-20 07:33:00,message_support
745,56,2022-11-20 07:50:00,open_document
746,56,2022-11-20 08:06:00,login
747,56,2022-11-20 08:20:00,message_support
748,56,2022-11-20 08:21:00,start_subscription
749,56,2022-11-29 12:23:00,view_offering
750,57,2022-09-18 11:13:00,open_document
751,57,2022-09-18 11:28:00,open_document
752,57,2022-09-18 11:38:00,message_support
753,57,2022-12-05 13:16:00,message_support
754,57,2022-12-05 13:32:00,start_subscription
755,57,2022-12-05 13:57:00,message_support
756,57,2023-03-04 18:20:00,message_support
757,57,2023-03-04 18:42:00,message_support
758,57,2023-03-04 18:47:00,start_subscription
759,57,2023-03-04 18:58:00,login
760,57,2023-03-04 19:21:00,start_subscription
761,57,2023-03-04 19:32:00,message_support
762,57,2023-05-11 00:03:00,open_document
763,57,2023-05-11 00:24:00,open_document
764,57,2023-05-11 00:33:00,open_document
765,57,2023-05-11 00:53:00,message_support
766,57,2023-05-11 01:01:00,open_document
767,57,2023-05-11 01:12:00,view_offering
768,57,2023-07-23 00:10:00,view_offering
769,57,2023-07-23 00:21:00,message_support
770,57,2023-07-23 00:43:00,start_subscription
771,57,2023-08-28 01:14:00,view_offering
772,57,2023-08-28 01:39:00,message_support
773,57,2023-08-28 01:44:00,open_document
774,57,2023-08-28 01:51:00,open_document
775,57,2023-08-28 02:14:00,message_support
776,58,2024-11-10 09:15:00,message_support
777,58,2024-11-10 09:32:00,view_offering
778,58,2024-11-10 09:36:00,open_document
779,58,2024-11-10 09:57:00,view_offering
780,58,2024-11-10 10:04:00,message_support
781,58,2024-11-10 10:25:00,open_document
782,58,2024-11-10 10:31:00,start_subscription
783,58,2024-12-28 09:16:00,open_document
784,58,2024-12-28 09:35:00,start_subscription
785,58,2024-12-28 09:53:00,open_document
786,58,2024-12-28 09:58:00,open_document
787,58,2025-03-16 07:04:00,start_subscription
788,58,2025-03-16 07:22:00,start_subscription
789,58,2025-03-16 07:23:00,login
790,58,2025-04-10 08:15:00,message_support
791,58,2025-04-10 08:34:00,open_document
792,58,2025-04-10 08:51:00,message_support
793,58,2025-04-10 09:05:00,view_offering
794,58,2025-05-15 05:21:00,start_subscription
795,58,2025-05-15 05:41:00,login
796,58,2025-05-15 05:57:00,start_subscription
797,58,2025-05-15 06:10:00,open_document
798,59,2021-09-12 08:12:00,login
799,60,2022-03-17 10:18:00,message_support
800,61,2023-10-15 07:22:00,start_subscription
801,61,2023-10-15 07:29:00,login
802,61,2023-10-15 07:51:00,message_support
803,61,2023-10-15 07:53:00,login
804,61,2023-10-15 07:57:00,open_document
805,61,2023-10-15 08:17:00,open_document
806,61,2023-11-21 10:08:00,view_offering
807,61,2023-11-21 10:28:00,message_support
808,61,2024-02-03 11:12:00,view_offering
809,61,2024-02-03 11:17:00,login
810,61,2024-02-03 11:35:00,message_support
811,61,2024-02-03 11:46:00,view_offering
812,61,2024-02-03 11:52:00,start_subscription
813,62,2023-07-27 15:06:00,login
814,62,2023-10-09 23:09:00,start_subscription
815,62,2023-10-09 23:13:00,login
816,62,2023-10-09 23:21:00,start_subscription
817,62,2023-10-09 23:29:00,view_offering
818,62,2023-10-09 23:44:00,message_support
819,63,2022-07-14 09:04:00,login
820,63,2022-07-14 09:12:00,open_document
821,63,2022-07-14 09:26:00,message_support
822,63,2022-09-29 12:07:00,view_offering
823,63,2022-09-29 12:11:00,login
824,63,2022-09-29 12:25:00,start_subscription
825,63,2022-09-29 12:40:00,view_offering
826,64,2021-03-11 15:13:00,login
827,64,2021-03-11 15:31:00,open_document
828,64,2021-03-11 15:38:00,start_subscription
829,64,2021-03-11 15:52:00,message_support
830,64,2021-03-11 16:03:00,open_document
831,64,2021-03-11 16:04:00,start_subscription
832,64,2021-03-11 16:21:00,message_support
833,64,2021-04-30 19:07:00,open_document
834,64,2021-04-30 19:12:00,login
835,64,2021-04-30 19:32:00,start_subscription
836,64,2021-04-30 19:38:00,start_subscription
837,64,2021-04-30 19:45:00,view_offering
838,64,2021-06-10 21:09:00,view_offering
839,64,2021-06-10 21:32:00,open_document
840,64,2021-06-10 21:40:00,start_subscription
841,64,2021-06-10 22:00:00,start_subscription
842,64,2021-06-15 04:08:00,login
843,64,2021-06-15 04:23:00,login
844,64,2021-06-15 04:36:00,message_support
845,64,2021-06-15 04:48:00,open_document
846,64,2021-06-15 05:01:00,login
847,64,2021-08-17 07:15:00,start_subscription
848,64,2021-08-17 07:18:00,start_subscription
849,64,2021-08-17 07:27:00,open_document
850,64,2021-08-17 07:35:00,open_document
851,64,2021-08-17 07:47:00,open_document
852,64,2021-08-17 08:03:00,view_offering
853,64,2021-09-08 07:19:00,message_support
854,64,2021-09-08 07:39:00,message_support
855,64,2021-09-08 07:46:00,login
856,64,2021-09-08 07:59:00,open_document
857,64,2021-09-08 08:01:00,view_offering
858,64,2021-09-08 08:04:00,view_offering
859,64,2021-09-08 08:07:00,message_support
860,65,2021-05-25 06:03:00,message_support
861,65,2021-05-25 06:12:00,start_subscription
862,65,2021-05-25 06:17:00,open_document
863,65,2021-06-13 09:06:00,view_offering
864,65,2021-06-13 09:20:00,open_document
865,65,2021-06-13 09:26:00,message_support
866,65,2021-06-22 09:03:00,message_support
867,65,2021-06-22 09:05:00,message_support
868,65,2021-06-22 09:26:00,view_offering
869,65,2021-06-22 09:36:00,message_support
870,65,2021-06-22 09:52:00,start_subscription
871,65,2021-06-22 09:58:00,view_offering
872,65,2021-06-22 09:59:00,view_offering
873,65,2021-09-08 17:03:00,login
874,65,2021-10-13 16:04:00,start_subscription
875,65,2021-10-13 16:22:00,open_document
876,65,2021-10-13 16:46:00,view_offering
877,65,2021-10-13 16:51:00,message_support
878,65,2021-10-13 16:57:00,view_offering
879,65,2021-10-15 18:06:00,open_document
880,65,2021-10-15 18:23:00,login
881,65,2021-10-15 18:40:00,message_support
882,65,2021-10-15 18:42:00,start_subscription
883,65,2021-10-15 18:47:00,view_offering
884,65,2021-10-15 18:49:00,start_subscription
885,65,2021-10-15 18:54:00,view_offering
886,66,2022-12-11 11:09:00,start_subscription
887,66,2022-12-11 11:17:00,start_subscription
888,66,2022-12-11 11:23:00,login
889,66,2022-12-11 11:46:00,view_offering
890,66,2022-12-11 11:52:00,message_support
891,66,2022-12-17 09:05:00,login
892,66,2022-12-17 09:15:00,start_subscription
893,66,2022-12-17 09:32:00,start_subscription
894,66,2022-12-17 09:54:00,start_subscription
895,67,2022-05-16 17:17:00,start_subscription
896,67,2022-05-16 17:38:00,message_support
897,67,2022-05-16 17:50:00,message_support
898,67,2022-05-16 18:09:00,start_subscription
899,67,2022-06-18 22:06:00,message_support
900,67,2022-06-18 22:22:00,view_offering
901,67,2022-06-18 22:24:00,view_offering
902,67,2022-06-18 22:27:00,message_support
903,67,2022-08-05 23:20:00,start_subscription
904,67,2022-09-24 02:12:00,login
905,67,2022-09-24 02:23:00,start_subscription
906,67,2022-09-24 02:30:00,login
907,67,2022-10-22 05:21:00,view_offering
908,67,2022-10-22 05:36:00,message_support
909,67,2022-10-22 06:01:00,view_offering
910,67,2022-10-22 06:22:00,open_document
911,67,2022-10-22 06:35:00,view_offering
912,67,2022-10-22 06:40:00,login
913,67,2022-10-22 06:48:00,start_subscription
914,68,2024-08-27 12:23:00,start_subscription
915,68,2024-08-27 12:35:00,view_offering
916,68,2024-08-27 12:50:00,view_offering
917,68,2024-08-27 13:04:00,login
918,68,2024-09-28 11:04:00,open_document
919,68,2024-09-28 11:16:00,login
920,68,2024-09-28 11:28:00,start_subscription
921,68,2024-09-28 11:41:00,start_subscription
922,68,2024-09-28 11:44:00,message_support
923,68,2024-09-28 11:54:00,open_document
924,68,2024-12-03 16:02:00,start_subscription
925,68,2024-12-03 16:05:00,open_document
926,68,2024-12-03 16:16:00,view_offering
927,68,2024-12-03 16:26:00,message_support
928,69,2021-02-22 07:24:00,message_support
929,69,2021-02-22 07:33:00,login
930,69,2021-02-26 12:21:00,message_support
931,69,2021-02-26 12:33:00,login
932,70,2022-07-15 11:20:00,start_subscription
933,70,2022-07-15 11:32:00,message_support
934,70,2022-07-15 11:43:00,open_document
935,70,2022-07-15 11:55:00,login
936,70,2022-07-15 12:12:00,message_support
937,70,2022-07-15 12:16:00,start_subscription
938,70,2022-07-15 12:41:00,start_subscription
939,70,2022-09-09 16:22:00,message_support
940,70,2022-11-21 21:05:00,start_subscription
941,70,2023-01-04 04:15:00,open_document
942,70,2023-01-04 04:20:00,view_offering
943,70,2023-01-04 04:45:00,view_offering
944,70,2023-01-04 04:48:00,message_support
945,70,2023-01-04 05:01:00,open_document
946,70,2023-01-04 05:14:00,view_offering
947,71,2023-08-28 10:05:00,view_offering
948,72,2022-06-24 09:05:00,start_subscription
949,72,2022-06-24 09:23:00,message_support
950,72,2022-06-24 09:32:00,view_offering
951,72,2022-06-24 09:33:00,login
952,72,2022-07-15 06:24:00,start_subscription
953,72,2022-07-15 06:27:00,view_offering
954,72,2022-07-15 06:42:00,view_offering
955,72,2022-10-10 10:03:00,start_subscription
956,72,2022-11-23 16:12:00,start_subscription
957,72,2022-11-23 16:21:00,message_support
958,72,2022-11-23 16:39:00,message_support
959,72,2022-11-23 17:03:00,open_document
960,72,2022-11-23 17:24:00,open_document
961,72,2022-11-23 17:41:00,view_offering
962,73,2021-08-19 17:17:00,open_document
963,73,2021-08-19 17:37:00,view_offering
964,73,2021-08-19 17:45:00,login
965,73,2021-08-19 17:59:00,start_subscription
966,73,2021-08-19 18:08:00,open_document
967,73,2021-10-24 18:24:00,start_subscription
968,73,2021-10-24 18:26:00,message_support
969,73,2021-10-24 18:36:00,open_document
970,73,2021-10-24 18:40:00,view_offering
971,73,2022-01-04 18:08:00,view_offering
972,73,2022-01-04 18:23:00,view_offering
973,73,2022-01-04 18:27:00,message_support
974,73,2022-01-04 18:44:00,open_document
975,73,2022-01-04 18:58:00,start_subscription
976,73,2022-01-04 19:12:00,message_support
977,73,2022-01-04 19:23:00,open_document
978,73,2022-01-15 18:20:00,start_subscription
979,73,2022-01-15 18:42:00,login
980,73,2022-02-25 15:13:00,start_subscription
981,73,2022-02-25 15:18:00,start_subscription
982,73,2022-02-25 15:34:00,login
983,73,2022-02-25 15:45:00,open_document
984,73,2022-03-13 16:16:00,start_subscription
985,73,2022-03-13 16:29:00,message_support
986,74,2024-12-14 12:08:00,open_document
987,74,2024-12-14 12:16:00,message_support
988,74,2024-12-14 12:22:00,open_document
989,74,2024-12-14 12:28:00,message_support
990,74,2024-12-14 12:39:00,message_support
991,74,2024-12-14 12:52:00,login
992,74,2024-12-14 12:56:00,login
993,74,2024-12-25 20:05:00,message_support
994,75,2022-03-06 07:23:00,view_offering
995,75,2022-03-06 07:25:00,login
996,75,2022-03-06 07:41:00,view_offering
997,75,2022-03-06 07:43:00,view_offering
998,75,2022-03-06 07:53:00,open_document
999,75,2022-03-06 08:15:00,open_document
1000,75,2022-03-06 08:37:00,message_support
1001,75,2022-03-18 04:10:00,open_document
1002,75,2022-03-18 04:14:00,login
1003,75,2022-06-01 02:20:00,login
1004,75,2022-06-26 01:16:00,login
1005,75,2022-06-26 01:25:00,message_support
1006,75,2022-06-26 01:35:00,message_support
1007,75,2022-06-26 01:52:00,login
1008,76,2023-07-16 08:15:00,message_support
1009,76,2023-08-19 07:25:00,message_support
1010,76,2023-08-19 07:29:00,start_subscription
1011,76,2023-08-19 07:49:00,view_offering
1012,76,2023-08-19 08:12:00,open_document
1013,76,2023-08-19 08:14:00,start_subscription
1014,76,2023-08-19 08:25:00,view_offering
1015,76,2023-11-16 11:15:00,open_document
1016,76,2023-11-16 11:32:00,open_document
1017,76,2023-11-16 11:42:00,start_subscription
1018,76,2023-11-16 11:56:00,view_offering
1019,76,2023-11-16 12:06:00,open_document
1020,76,2023-11-16 12:13:00,view_offering
1021,76,2023-11-16 12:28:00,view_offering
1022,76,2023-12-06 08:02:00,message_support
1023,76,2023-12-22 07:15:00,view_offering
1024,77,2021-09-04 10:11:00,open_document
1025,77,2021-09-04 10:30:00,view_offering
1026,77,2021-09-04 10:53:00,start_subscription
1027,77,2021-09-04 11:07:00,start_subscription
1028,77,2021-09-04 11:11:00,message_support
1029,77,2021-09-04 11:35:00,message_support
1030,77,2021-09-04 11:45:00,view_offering
1031,77,2021-11-04 17:12:00,view_offering
1032,78,2023-07-08 11:02:00,login
1033,78,2023-08-10 14:16:00,start_subscription
1034,78,2023-08-10 14:38:00,start_subscription
1035,78,2023-09-21 18:11:00,start_subscription
1036,78,2023-09-21 18:33:00,open_document
1037,78,2023-12-04 02:01:00,view_offering
1038,78,2023-12-04 02:10:00,start_subscription
1039,79,2023-08-05 11:02:00,view_offering
1040,79,2023-08-05 11:10:00,message_support
1041,80,2024-11-23 10:24:00,view_offering
1042,80,2024-11-23 10:38:00,login
1043,80,2024-11-25 17:23:00,open_document
1044,80,2024-11-25 17:43:00,open_document
1045,80,2024-11-25 17:54:00,login
1046,80,2024-12-09 21:17:00,view_offering
1047,80,2024-12-09 21:24:00,view_offering
1048,80,2024-12-09 21:35:00,message_support
1049,80,2024-12-09 21:44:00,message_support
1050,80,2024-12-09 21:57:00,message_support
1051,80,2024-12-09 22:16:00,message_support
1052,80,2024-12-09 22:36:00,view_offering
1053,80,2025-02-04 05:02:00,start_subscription
1054,80,2025-02-04 05:26:00,message_support
1055,80,2025-02-04 05:44:00,open_document
1056,80,2025-02-04 06:02:00,start_subscription
1057,80,2025-02-04 06:04:00,open_document
1058,80,2025-02-04 06:15:00,login
1059,80,2025-02-04 06:29:00,message_support
1060,80,2025-04-26 03:14:00,start_subscription
1061,80,2025-04-26 03:34:00,message_support
1062,80,2025-04-26 03:42:00,open_document
1063,80,2025-04-26 04:01:00,view_offering
1064,81,2023-05-21 10:02:00,view_offering
1065,81,2023-05-21 10:24:00,message_support
1066,81,2023-05-21 10:33:00,start_subscription
1067,81,2023-05-21 10:42:00,login
1068,81,2023-05-21 10:59:00,view_offering
1069,81,2023-05-21 11:01:00,view_offering
1070,81,2023-07-18 10:01:00,start_subscription
1071,81,2023-07-18 10:03:00,login
1072,81,2023-07-18 10:12:00,message_support
1073,81,2023-07-18 10:30:00,start_subscription
1074,81,2023-07-21 15:24:00,open_document
1075,81,2023-07-21 15:49:00,message_support
1076,81,2023-07-21 16:11:00,login
1077,81,2023-07-21 16:27:00,message_support
1078,81,2023-07-21 16:34:00,message_support
1079,81,2023-07-21 16:56:00,message_support
1080,81,2023-07-21 17:06:00,login
1081,81,2023-08-21 18:24:00,open_document
1082,81,2023-08-21 18:30:00,message_support
1083,81,2023-08-21 18:51:00,view_offering
1084,81,2023-08-21 18:52:00,start_subscription
1085,81,2023-08-21 18:55:00,open_document
1086,82,2023-06-13 13:04:00,view_offering
1087,82,2023-07-17 12:10:00,open_document
1088,82,2023-07-17 12:24:00,view_offering
1089,82,2023-07-17 12:38:00,view_offering
1090,82,2023-07-17 13:02:00,view_offering
1091,82,2023-07-17 13:14:00,login
1092,82,2023-07-17 13:39:00,open_document
1093,82,2023-08-26 17:18:00,login
1094,82,2023-08-26 17:21:00,view_offering
1095,82,2023-08-26 17:25:00,login
1096,82,2023-08-26 17:33:00,login
1097,82,2023-08-26 17:58:00,open_document
1098,82,2023-08-26 18:04:00,login
1099,82,2023-10-23 19:17:00,message_support
1100,82,2023-12-23 00:16:00,message_support
1101,82,2024-01-27 22:03:00,open_document
1102,82,2024-01-27 22:09:00,start_subscription
1103,82,2024-01-27 22:16:00,message_support
1104,83,2023-04-15 15:25:00,login
1105,83,2023-04-15 15:28:00,view_offering
1106,83,2023-04-15 15:33:00,open_document
1107,83,2023-04-15 15:39:00,message_support
1108,83,2023-04-15 16:02:00,message_support
1109,83,2023-04-15 16:09:00,start_subscription
1110,83,2023-04-15 16:34:00,open_document
1111,83,2023-04-19 17:13:00,start_subscription
1112,83,2023-04-19 17:17:00,message_support
1113,83,2023-04-19 17:42:00,start_subscription
1114,83,2023-04-19 17:49:00,view_offering
1115,83,2023-04-19 17:56:00,message_support
1116,83,2023-04-19 18:17:00,start_subscription
1117,83,2023-04-19 18:42:00,message_support
1118,83,2023-07-18 15:08:00,start_subscription
1119,83,2023-07-18 15:26:00,start_subscription
1120,83,2023-07-18 15:39:00,open_document
1121,83,2023-07-18 16:00:00,open_document
1122,83,2023-07-18 16:07:00,login
1123,83,2023-07-18 16:09:00,start_subscription
1124,84,2024-05-28 15:01:00,open_document
1125,84,2024-05-28 15:22:00,open_document
1126,84,2024-05-28 15:36:00,login
1127,84,2024-07-08 19:05:00,login
1128,85,2023-11-03 14:04:00,message_support
1129,85,2023-11-03 14:09:00,start_subscription
1130,85,2023-11-03 14:25:00,message_support
1131,85,2023-11-03 14:43:00,open_document
1132,85,2023-11-03 14:47:00,message_support
1133,85,2023-11-03 14:49:00,open_document
1134,85,2023-11-03 14:57:00,open_document
1135,85,2024-01-11 17:02:00,login
1136,85,2024-01-11 17:04:00,open_document
1137,85,2024-01-11 17:26:00,view_offering
1138,85,2024-04-10 18:13:00,view_offering
1139,85,2024-04-10 18:22:00,open_document
1140,85,2024-04-10 18:36:00,login
1141,85,2024-04-10 18:53:00,open_document
1142,85,2024-04-10 18:56:00,start_subscription
1143,85,2024-04-10 19:06:00,open_document
1144,85,2024-04-10 19:20:00,login
1145,85,2024-04-14 19:06:00,login
1146,85,2024-04-14 19:11:00,message_support
1147,85,2024-04-14 19:31:00,message_support
1148,85,2024-04-27 21:04:00,open_document
1149,86,2024-01-02 07:19:00,view_offering
1150,86,2024-01-02 07:38:00,login
1151,86,2024-02-01 04:10:00,message_support
1152,86,2024-02-01 04:35:00,message_support
1153,86,2024-02-01 04:38:00,message_support
1154,86,2024-04-15 12:10:00,message_support
1155,86,2024-04-15 12:32:00,open_document
1156,86,2024-04-15 12:36:00,start_subscription
1157,86,2024-04-15 13:01:00,login
1158,86,2024-04-15 13:11:00,start_subscription
1159,87,2022-12-22 11:24:00,login
1160,87,2022-12-22 11:29:00,login
1161,87,2022-12-22 11:33:00,message_support
1162,88,2023-09-15 13:16:00,open_document
1163,89,2024-06-02 07:06:00,message_support
1164,89,2024-06-02 07:24:00,view_offering
1165,89,2024-06-02 07:27:00,open_document
1166,89,2024-06-24 06:19:00,login
1167,89,2024-06-24 06:40:00,login
1168,89,2024-06-24 06:56:00,view_offering
1169,89,2024-06-24 07:20:00,view_offering
1170,89,2024-06-24 07:26:00,message_support
1171,89,2024-06-24 07:34:00,start_subscription
1172,89,2024-06-25 13:09:00,message_support
1173,89,2024-06-25 13:33:00,view_offering
1174,89,2024-06-25 13:49:00,message_support
1175,89,2024-06-25 13:57:00,login
1176,89,2024-06-25 14:11:00,view_offering
1177,89,2024-09-12 20:07:00,message_support
1178,89,2024-09-12 20:17:00,open_document
1179,89,2024-09-12 20:22:00,start_subscription
1180,89,2024-09-12 20:41:00,start_subscription
1181,90,2021-12-06 10:20:00,login
1182,90,2021-12-06 10:43:00,start_subscription
1183,90,2022-01-08 17:16:00,login
1184,90,2022-01-08 17:20:00,start_subscription
1185,90,2022-01-08 17:39:00,view_offering
1186,90,2022-01-08 18:03:00,open_document
1187,90,2022-01-08 18:26:00,view_offering
1188,90,2022-03-23 16:21:00,message_support
1189,90,2022-03-23 16:25:00,view_offering
1190,90,2022-03-23 16:30:00,login
1191,90,2022-03-23 16:38:00,view_offering
1192,90,2022-03-23 17:02:00,login
1193,90,2022-03-23 17:26:00,login
1194,90,2022-03-23 17:48:00,start_subscription
1195,90,2022-04-10 16:04:00,message_support
1196,90,2022-04-10 16:05:00,view_offering
1197,90,2022-04-10 16:28:00,login
1198,90,2022-07-09 13:04:00,open_document
1199,90,2022-07-09 13:11:00,start_subscription
1200,90,2022-07-09 13:16:00,view_offering
1201,90,2022-07-09 13:40:00,login
1202,91,2022-02-07 12:22:00,message_support
1203,91,2022-02-07 12:44:00,open_document
1204,91,2022-02-07 12:59:00,view_offering
1205,91,2022-02-07 13:20:00,view_offering
1206,91,2022-03-06 15:07:00,view_offering
1207,91,2022-03-06 15:23:00,start_subscription
1208,91,2022-03-06 15:32:00,start_subscription
1209,91,2022-03-13 16:14:00,start_subscription
1210,92,2021-09-14 06:15:00,message_support
1211,92,2021-09-14 06:25:00,view_offering
1212,92,2021-09-14 06:39:00,login
1213,92,2021-09-14 06:49:00,view_offering
1214,92,2021-09-14 06:59:00,open_document
1215,92,2021-09-14 07:05:00,start_subscription
1216,92,2021-09-16 10:25:00,message_support
1217,92,2021-09-16 10:28:00,message_support
1218,92,2021-09-16 10:43:00,open_document
1219,92,2021-09-16 10:53:00,view_offering
1220,92,2021-09-16 11:08:00,view_offering
1221,92,2021-09-16 11:31:00,open_document
1222,92,2021-09-16 11:47:00,start_subscription
1223,93,2024-05-25 13:15:00,view_offering
1224,93,2024-05-25 13:16:00,view_offering
1225,93,2024-08-16 17:08:00,message_support
1226,93,2024-08-16 17:25:00,view_offering
1227,93,2024-08-16 17:29:00,open_document
1228,93,2024-08-16 17:53:00,open_document
1229,93,2024-10-22 18:04:00,open_document
1230,93,2024-10-22 18:26:00,message_support
1231,93,2024-10-22 18:36:00,start_subscription
1232,93,2024-10-22 18:37:00,login
1233,93,2024-10-22 18:56:00,login
1234,93,2024-10-22 19:04:00,open_document
1235,94,2023-12-02 16:20:00,message_support
1236,94,2023-12-02 16:37:00,view_offering
1237,94,2023-12-02 16:58:00,start_subscription
1238,94,2023-12-02 17:15:00,login
1239,94,2023-12-02 17:20:00,login
1240,94,2024-01-14 00:18:00,start_subscription
1241,94,2024-01-14 00:37:00,open_document
1242,94,2024-01-14 00:38:00,start_subscription
1243,94,2024-01-14 00:45:00,view_offering
1244,94,2024-01-14 00:49:00,open_document
1245,94,2024-01-14 01:13:00,start_subscription
1246,94,2024-01-14 01:22:00,open_document
1247,94,2024-03-30 00:13:00,message_support
1248,94,2024-03-30 00:32:00,message_support
1249,94,2024-03-30 00:44:00,login
1250,94,2024-03-30 00:57:00,start_subscription
1251,94,2024-03-30 01:17:00,view_offering
1252,94,2024-03-30 01:25:00,open_document
1253,95,2023-10-14 11:25:00,view_offering
1254,95,2023-10-14 11:43:00,open_document
1255,95,2023-10-14 11:59:00,view_offering
1256,95,2023-10-14 12:13:00,message_support
1257,96,2023-12-18 07:19:00,view_offering
1258,97,2022-09-02 06:15:00,start_subscription
1259,97,2022-09-02 06:33:00,login
1260,97,2022-09-16 13:15:00,view_offering
1261,97,2022-09-16 13:23:00,view_offering
1262,97,2022-09-16 13:30:00,open_document
1263,97,2022-09-16 13:34:00,login
1264,97,2022-09-16 13:43:00,login
1265,98,2022-06-11 07:21:00,message_support
1266,98,2022-06-11 07:36:00,view_offering
1267,98,2022-06-11 07:39:00,open_document
1268,98,2022-07-12 13:03:00,open_document
1269,98,2022-09-27 18:21:00,view_offering
1270,98,2022-09-27 18:23:00,start_subscription
1271,98,2022-09-27 18:46:00,open_document
1272,98,2022-09-27 19:04:00,view_offering
1273,98,2022-09-27 19:26:00,login
1274,98,2022-09-27 19:42:00,view_offering
1275,98,2022-11-19 20:03:00,message_support
1276,98,2023-02-02 20:09:00,login
1277,98,2023-02-02 20:23:00,open_document
1278,98,2023-02-02 20:35:00,start_subscription
1279,98,2023-02-02 20:53:00,view_offering
1280,98,2023-02-02 20:54:00,login
1281,99,2023-06-28 06:09:00,view_offering
1282,99,2023-06-28 06:15:00,view_offering
1283,99,2023-06-28 06:23:00,login
1284,99,2023-06-28 06:47:00,view_offering
1285,99,2023-06-28 06:54:00,view_offering
1286,99,2023-06-28 07:01:00,view_offering
1287,99,2023-08-05 10:22:00,start_subscription
1288,99,2023-09-03 16:02:00,login
1289,99,2023-09-03 16:26:00,view_offering
1290,99,2023-10-20 23:25:00,open_document
1291,99,2023-10-20 23:47:00,start_subscription
1292,99,2023-10-20 23:52:00,login
1293,99,2023-10-20 23:58:00,start_subscription
1294,99,2023-10-21 00:11:00,login
1295,99,2023-10-21 00:17:00,open_document
1296,99,2023-10-21 00:19:00,message_support
1297,99,2023-11-13 06:14:00,login
1298,99,2023-11-13 06:17:00,view_offering
1299,99,2023-11-13 06:24:00,login
1300,99,2023-11-13 06:29:00,start_subscription
1301,99,2023-11-13 06:33:00,start_subscription
1302,99,2023-11-13 06:41:00,view_offering
1303,99,2023-11-13 06:50:00,message_support
1304,99,2024-01-24 13:19:00,message_support
1305,99,2024-01-24 13:30:00,start_subscription
1306,99,2024-01-24 13:36:00,message_support
1307,99,2024-01-24 13:54:00,message_support
1308,99,2024-01-24 14:01:00,start_subscription
1309,100,2023-04-01 15:15:00,open_document
1310,100,2023-04-01 15:26:00,open_document
1311,100,2023-04-01 15:46:00,view_offering
1312,100,2023-04-01 16:10:00,login
1313,100,2023-04-01 16:17:00,start_subscription
1314,100,2023-04-01 16:27:00,start_subscription
1315,100,2023-04-01 16:52:00,message_support
1316,100,2023-05-31 13:19:00,login
1317,100,2023-05-31 13:42:00,view_offering
1318,100,2023-05-31 13:44:00,view_offering
1319,100,2023-05-31 14:08:00,message_support
1320,100,2023-05-31 14:12:00,message_support
1321,100,2023-05-31 14:28:00,start_subscription
1322,100,2023-05-31 14:49:00,message_support
1323,100,2023-06-18 10:06:00,message_support
1324,100,2023-06-18 10:14:00,view_offering
1325,100,2023-06-18 10:22:00,login
1326,100,2023-06-18 10:39:00,message_support
1327,100,2023-06-18 10:57:00,login
1328,100,2023-07-19 15:03:00,open_document
1329,100,2023-07-19 15:20:00,message_support
1330,100,2023-07-19 15:23:00,open_document
1331,100,2023-07-19 15:32:00,open_document
1332,100,2023-07-19 15:50:00,view_offering
1333,101,2023-02-25 12:07:00,view_offering
1334,101,2023-02-25 12:15:00,login
1335,101,2023-02-25 12:32:00,view_offering
1336,101,2023-02-25 12:52:00,start_subscription
1337,101,2023-03-07 15:21:00,message_support
1338,101,2023-03-07 15:24:00,open_document
1339,101,2023-03-07 15:39:00,view_offering
1340,101,2023-03-07 16:01:00,open_document
1341,101,2023-03-07 16:12:00,login
1342,101,2023-03-07 16:14:00,login
1343,102,2024-04-03 17:24:00,login
1344,103,2022-05-07 08:24:00,message_support
1345,103,2022-05-07 08:27:00,login
1346,103,2022-05-07 08:50:00,view_offering
1347,103,2022-05-07 09:06:00,login
1348,103,2022-05-07 09:21:00,message_support
1349,103,2022-05-07 09:42:00,open_document
1350,103,2022-05-07 09:44:00,message_support
1351,104,2024-11-11 11:13:00,login
1352,104,2024-11-11 11:30:00,open_document
1353,104,2024-11-11 11:55:00,open_document
1354,105,2024-01-20 07:05:00,message_support
1355,105,2024-01-20 07:27:00,message_support
1356,105,2024-01-20 07:45:00,start_subscription
1357,105,2024-01-20 07:55:00,start_subscription
1358,105,2024-01-20 08:12:00,login
1359,105,2024-02-09 06:25:00,open_document
1360,105,2024-02-09 06:42:00,message_support
1361,105,2024-02-09 06:44:00,open_document
1362,105,2024-02-09 06:57:00,start_subscription
1363,105,2024-02-09 06:59:00,message_support
1364,105,2024-02-09 07:13:00,start_subscription
1365,105,2024-02-09 07:14:00,login
1366,105,2024-04-26 03:22:00,open_document
1367,106,2024-09-27 11:11:00,login
1368,106,2024-09-27 11:23:00,message_support
1369,106,2024-09-27 11:32:00,message_support
1370,106,2024-09-27 11:37:00,start_subscription
1371,106,2024-09-27 11:50:00,message_support
1372,106,2024-09-27 11:54:00,view_offering
1373,106,2024-11-19 10:09:00,message_support
1374,106,2024-11-19 10:17:00,open_document
1375,106,2024-11-19 10:29:00,login
1376,106,2024-11-19 10:41:00,open_document
1377,106,2024-11-19 10:47:00,message_support
1378,106,2024-11-19 11:00:00,login
1379,106,2024-11-19 11:18:00,login
1380,107,2023-04-18 06:07:00,view_offering
1381,107,2023-04-18 06:21:00,message_support
1382,107,2023-04-18 06:41:00,message_support
1383,107,2023-04-18 06:56:00,message_support
1384,107,2023-06-03 03:20:00,message_support
1385,107,2023-06-03 03:26:00,view_offering
1386,107,2023-06-03 03:29:00,login
1387,107,2023-06-03 03:38:00,login
1388,107,2023-06-03 03:42:00,start_subscription
1389,107,2023-06-03 03:51:00,message_support
1390,107,2023-06-03 03:55:00,message_support
1391,107,2023-08-10 11:09:00,open_document
1392,107,2023-11-01 10:16:00,start_subscription
1393,107,2023-11-01 10:24:00,message_support
1394,107,2023-11-01 10:31:00,start_subscription
1395,107,2023-11-01 10:54:00,view_offering
1396,107,2023-11-01 11:11:00,login
1397,107,2023-12-23 11:05:00,login
1398,107,2023-12-23 11:10:00,start_subscription
1399,107,2024-03-12 18:24:00,view_offering
1400,107,2024-03-12 18:41:00,message_support
1401,107,2024-03-12 19:02:00,open_document
1402,108,2023-06-22 08:08:00,start_subscription
1403,108,2023-07-09 10:24:00,message_support
1404,108,2023-07-09 10:38:00,view_offering
1405,108,2023-07-09 10:42:00,open_document
1406,108,2023-07-09 11:07:00,open_document
1407,108,2023-07-09 11:10:00,start_subscription
1408,108,2023-07-09 11:12:00,start_subscription
1409,108,2023-08-16 17:06:00,open_document
1410,108,2023-08-16 17:31:00,open_document
1411,108,2023-08-16 17:56:00,open_document
1412,108,2023-08-16 17:58:00,view_offering
1413,108,2023-10-07 17:22:00,open_document
1414,108,2023-10-07 17:33:00,message_support
1415,108,2023-10-07 17:55:00,view_offering
1416,108,2023-10-07 18:05:00,view_offering
1417,108,2023-10-07 18:29:00,login
1418,108,2023-10-07 18:51:00,login
1419,109,2023-02-05 10:09:00,open_document
1420,109,2023-02-05 10:26:00,message_support
1421,109,2023-02-05 10:43:00,message_support
1422,109,2023-02-05 10:44:00,view_offering
1423,109,2023-02-19 12:18:00,message_support
1424,109,2023-02-19 12:35:00,view_offering
1425,109,2023-03-27 14:05:00,start_subscription
1426,109,2023-03-27 14:25:00,login
1427,109,2023-03-27 14:47:00,open_document
1428,109,2023-03-27 14:49:00,open_document
1429,109,2023-03-27 15:11:00,login
1430,109,2023-03-27 15:21:00,view_offering
1431,109,2023-04-23 14:25:00,open_document
1432,109,2023-04-23 14:32:00,message_support
1433,110,2022-04-30 11:04:00,start_subscription
1434,110,2022-04-30 11:28:00,view_offering
1435,110,2022-04-30 11:33:00,login
1436,110,2022-04-30 11:36:00,login
1437,110,2022-04-30 11:59:00,message_support
1438,110,2022-04-30 12:14:00,message_support
1439,110,2022-06-29 19:04:00,message_support
1440,110,2022-06-29 19:06:00,message_support
1441,110,2022-06-29 19:13:00,view_offering
1442,110,2022-06-29 19:32:00,login
1443,110,2022-06-29 19:53:00,view_offering
1444,110,2022-06-29 20:09:00,view_offering
1445,110,2022-06-29 20:14:00,start_subscription
1446,110,2022-09-20 21:02:00,start_subscription
1447,110,2022-09-20 21:04:00,login
1448,111,2021-11-10 14:25:00,open_document
1449,111,2021-11-10 14:38:00,login
1450,111,2021-11-10 14:53:00,message_support
1451,111,2021-11-10 15:07:00,message_support
1452,112,2022-02-16 06:06:00,view_offering
1453,112,2022-02-20 03:04:00,open_document
1454,112,2022-02-20 03:29:00,start_subscription
1455,112,2022-02-20 03:33:00,message_support
1456,112,2022-02-20 03:38:00,message_support
1457,112,2022-02-20 03:55:00,login
1458,112,2022-03-24 11:11:00,start_subscription
1459,112,2022-03-24 11:32:00,start_subscription
1460,112,2022-03-24 11:41:00,open_document
1461,112,2022-03-24 12:01:00,login
1462,112,2022-05-17 08:22:00,view_offering
1463,112,2022-05-17 08:35:00,open_document
1464,112,2022-05-17 08:55:00,open_document
1465,112,2022-05-17 09:00:00,login
1466,112,2022-05-17 09:03:00,open_document
1467,112,2022-08-03 06:04:00,message_support
1468,112,2022-08-03 06:25:00,message_support
1469,112,2022-08-03 06:35:00,login
1470,112,2022-08-03 06:53:00,open_document
1471,112,2022-08-03 07:01:00,view_offering
1472,112,2022-08-03 07:14:00,message_support
1473,112,2022-08-03 07:30:00,open_document
1474,112,2022-08-07 12:25:00,start_subscription
1475,112,2022-08-07 12:32:00,view_offering
1476,113,2022-10-21 09:20:00,message_support
1477,113,2022-10-21 09:25:00,login
1478,113,2022-10-21 09:33:00,start_subscription
1479,113,2022-10-21 09:42:00,open_document
1480,113,2022-10-21 09:53:00,start_subscription
1481,113,2022-10-31 07:02:00,open_document
1482,113,2022-10-31 07:07:00,message_support
1483,113,2022-10-31 07:25:00,start_subscription
1484,113,2022-11-06 09:01:00,open_document
1485,113,2022-11-06 09:09:00,start_subscription
1486,113,2022-11-06 09:22:00,start_subscription
1487,113,2022-11-06 09:36:00,login
1488,113,2022-11-06 09:53:00,login
1489,113,2022-11-06 09:57:00,view_offering
1490,113,2022-12-31 06:07:00,login
1491,113,2023-03-08 06:13:00,start_subscription
1492,113,2023-03-08 06:33:00,login
1493,113,2023-03-08 06:58:00,login
1494,113,2023-04-27 05:15:00,login
1495,113,2023-04-27 05:26:00,view_offering
1496,113,2023-04-27 05:30:00,view_offering
1497,113,2023-04-27 05:55:00,view_offering
1498,113,2023-04-27 06:04:00,open_document
1499,113,2023-04-27 06:16:00,login
1500,114,2022-04-18 14:14:00,message_support
1501,114,2022-04-18 14:18:00,start_subscription
1502,114,2022-07-08 18:25:00,message_support
1503,114,2022-07-08 18:46:00,view_offering
1504,114,2022-07-08 19:06:00,view_offering
1505,114,2022-07-08 19:23:00,open_document
1506,114,2022-08-16 02:04:00,view_offering
1507,114,2022-09-24 07:17:00,start_subscription
1508,115,2025-01-11 10:16:00,message_support
1509,115,2025-01-11 10:40:00,message_support
1510,115,2025-01-29 13:07:00,view_offering
1511,116,2021-05-13 15:04:00,login
1512,116,2021-05-13 15:08:00,open_document
1513,116,2021-05-13 15:23:00,login
1514,116,2021-05-13 15:43:00,login
1515,116,2021-05-13 16:00:00,open_document
1516,116,2021-05-13 16:19:00,message_support
1517,116,2021-05-22 16:19:00,view_offering
1518,116,2021-05-22 16:20:00,start_subscription
1519,116,2021-05-22 16:29:00,message_support
1520,116,2021-06-13 19:20:00,message_support
1521,116,2021-06-13 19:40:00,start_subscription
1522,116,2021-06-13 20:05:00,message_support
1523,116,2021-06-13 20:24:00,start_subscription
1524,116,2021-06-13 20:49:00,open_document
1525,116,2021-06-13 21:07:00,message_support
1526,116,2021-06-13 21:32:00,message_support
1527,116,2021-09-09 02:15:00,login
1528,116,2021-09-09 02:32:00,open_document
1529,116,2021-09-09 02:37:00,message_support
1530,116,2021-09-09 02:49:00,message_support
1531,116,2021-09-09 03:02:00,message_support
1532,116,2021-09-09 03:10:00,view_offering
1533,116,2021-09-09 03:21:00,message_support
1534,116,2021-09-23 03:25:00,message_support
1535,116,2021-11-02 09:07:00,view_offering
1536,116,2021-11-02 09:14:00,login
1537,116,2021-11-02 09:20:00,view_offering
1538,116,2021-11-02 09:30:00,view_offering
1539,116,2021-11-02 09:55:00,start_subscription
1540,117,2024-10-31 14:14:00,message_support
1541,117,2025-01-29 11:16:00,view_offering
1542,117,2025-01-29 11:29:00,login
1543,117,2025-01-29 11:44:00,start_subscription
1544,117,2025-01-29 11:45:00,start_subscription
1545,117,2025-01-29 11:51:00,view_offering
1546,117,2025-03-10 16:08:00,message_support
1547,117,2025-03-10 16:28:00,view_offering
1548,117,2025-03-10 16:39:00,message_support
1549,117,2025-03-10 16:51:00,view_offering
1550,117,2025-03-10 17:08:00,view_offering
1551,117,2025-03-10 17:30:00,message_support
1552,117,2025-03-13 17:01:00,open_document
1553,117,2025-03-13 17:15:00,login
1554,117,2025-03-13 17:20:00,message_support
1555,117,2025-03-13 17:40:00,start_subscription
1556,117,2025-03-13 17:51:00,login
1557,117,2025-03-13 18:09:00,view_offering
1558,117,2025-03-13 18:22:00,message_support
1559,118,2023-08-16 16:14:00,open_document
1560,118,2023-08-16 16:17:00,message_support
1561,118,2023-10-04 22:12:00,start_subscription
1562,118,2023-10-04 22:33:00,login
1563,118,2023-10-04 22:40:00,login
1564,118,2023-10-04 22:58:00,start_subscription
1565,118,2023-11-28 20:22:00,view_offering
1566,118,2023-11-28 20:47:00,view_offering
1567,118,2023-11-28 21:04:00,open_document
1568,118,2023-11-28 21:23:00,open_document
1569,118,2023-11-28 21:48:00,login
1570,118,2023-11-28 21:57:00,view_offering
1571,119,2022-01-01 14:08:00,message_support
1572,119,2022-01-01 14:33:00,open_document
1573,119,2022-03-08 15:02:00,login
1574,119,2022-03-08 15:08:00,start_subscription
1575,119,2022-03-08 15:33:00,view_offering
1576,119,2022-03-08 15:34:00,login
1577,119,2022-03-08 15:56:00,message_support
1578,119,2022-03-08 16:10:00,message_support
1579,119,2022-04-28 18:02:00,login
1580,120,2024-03-13 09:03:00,view_offering
1581,120,2024-05-31 11:01:00,login
1582,120,2024-05-31 11:04:00,start_subscription
1583,120,2024-05-31 11:21:00,login
1584,120,2024-05-31 11:41:00,open_document
1585,120,2024-05-31 11:44:00,open_document
1586,120,2024-05-31 12:05:00,message_support
1587,120,2024-05-31 12:08:00,open_document
1588,120,2024-06-07 15:25:00,view_offering
1589,120,2024-06-07 15:46:00,message_support
1590,120,2024-06-07 15:53:00,message_support
1591,120,2024-06-07 16:08:00,start_subscription
1592,120,2024-08-27 14:24:00,open_document
1593,121,2023-01-13 10:01:00,start_subscription
1594,121,2023-01-13 10:16:00,start_subscription
1595,121,2023-01-13 10:36:00,open_document
1596,121,2023-03-05 09:23:00,start_subscription
1597,122,2023-10-01 12:05:00,message_support
1598,122,2023-10-01 12:10:00,open_document
1599,122,2023-10-01 12:11:00,message_support
1600,122,2023-10-01 12:14:00,start_subscription
1601,122,2023-10-01 12:38:00,start_subscription
1602,122,2023-10-01 12:51:00,login
1603,122,2023-10-22 18:20:00,login
1604,122,2023-10-22 18:45:00,open_document
1605,122,2023-10-22 18:46:00,start_subscription
1606,122,2023-10-22 19:03:00,message_support
1607,122,2023-10-22 19:12:00,login
1608,122,2023-10-22 19:19:00,view_offering
1609,123,2022-12-26 09:05:00,open_document
1610,123,2023-02-10 17:07:00,open_document
1611,123,2023-02-10 17:20:00,login
1612,124,2022-10-05 07:01:00,view_offering
1613,124,2022-10-05 07:07:00,login
1614,124,2022-10-05 07:10:00,message_support
1615,124,2022-10-05 07:16:00,login
1616,124,2022-11-23 05:25:00,start_subscription
1617,124,2022-11-23 05:33:00,message_support
1618,124,2023-02-17 07:15:00,start_subscription
1619,124,2023-02-17 07:33:00,message_support
1620,124,2023-04-03 10:07:00,view_offering
1621,125,2022-02-06 16:10:00,open_document
1622,125,2022-02-06 16:19:00,message_support
1623,125,2022-02-06 16:21:00,view_offering
1624,125,2022-02-06 16:40:00,open_document
1625,125,2022-02-06 16:42:00,view_offering
1626,125,2022-03-29 17:02:00,login
1627,125,2022-03-29 17:16:00,open_document
1628,125,2022-03-29 17:26:00,login
1629,125,2022-03-29 17:34:00,start_subscription
1630,125,2022-03-29 17:41:00,open_document
1631,125,2022-04-12 20:18:00,login
1632,125,2022-04-12 20:23:00,start_subscription
1633,125,2022-04-12 20:47:00,start_subscription
1634,125,2022-04-12 21:09:00,message_support
1635,125,2022-05-04 19:01:00,view_offering
1636,126,2024-11-27 13:19:00,message_support
1637,126,2024-11-27 13:25:00,login
1638,126,2024-11-27 13:46:00,view_offering
1639,126,2024-11-27 13:55:00,message_support
1640,126,2024-11-27 14:09:00,view_offering
1641,126,2024-11-27 14:28:00,message_support
1642,126,2024-11-27 14:39:00,start_subscription
1643,126,2025-02-23 19:08:00,start_subscription
1644,126,2025-02-23 19:16:00,message_support
1645,126,2025-02-23 19:24:00,login
1646,126,2025-02-23 19:41:00,view_offering
1647,126,2025-05-05 02:14:00,login
1648,126,2025-05-05 02:25:00,view_offering
1649,126,2025-05-05 02:44:00,start_subscription
1650,126,2025-05-08 06:23:00,message_support
1651,126,2025-05-08 06:41:00,start_subscription
1652,126,2025-05-08 06:54:00,login
1653,126,2025-05-08 07:09:00,start_subscription
1654,126,2025-05-08 07:32:00,login
1655,126,2025-05-08 07:45:00,start_subscription
1656,126,2025-05-08 07:53:00,start_subscription
1657,126,2025-07-14 05:01:00,open_document
1658,126,2025-07-14 05:26:00,login
1659,126,2025-07-14 05:39:00,message_support
1660,126,2025-07-14 05:44:00,login
1661,126,2025-07-14 06:06:00,view_offering
1662,126,2025-07-14 06:12:00,view_offering
1663,126,2025-07-14 06:33:00,open_document
1664,126,2025-08-25 12:03:00,start_subscription
1665,126,2025-08-25 12:25:00,open_document
1666,127,2022-10-08 14:04:00,open_document
1667,127,2022-10-08 14:17:00,message_support
1668,127,2022-10-08 14:22:00,login
1669,127,2022-10-08 14:39:00,view_offering
1670,128,2023-11-10 08:19:00,start_subscription
1671,128,2023-11-10 08:34:00,message_support
1672,128,2023-11-10 08:36:00,message_support
1673,129,2023-03-01 16:08:00,start_subscription
1674,129,2023-03-01 16:28:00,message_support
1675,129,2023-03-01 16:46:00,open_document
1676,129,2023-05-10 13:05:00,login
1677,129,2023-05-10 13:16:00,login
1678,129,2023-07-27 21:08:00,message_support
1679,129,2023-07-27 21:22:00,message_support
1680,129,2023-07-27 21:45:00,open_document
1681,129,2023-07-27 22:02:00,open_document
1682,129,2023-07-27 22:23:00,view_offering
1683,129,2023-07-27 22:33:00,message_support
1684,129,2023-09-10 05:17:00,message_support
1685,129,2023-09-10 05:38:00,login
1686,129,2023-09-10 05:59:00,login
1687,129,2023-09-10 06:09:00,open_document
1688,129,2023-09-10 06:24:00,message_support
1689,129,2023-11-14 09:25:00,login
1690,129,2023-11-14 09:48:00,start_subscription
1691,129,2023-11-14 09:51:00,open_document
1692,129,2023-11-14 09:57:00,view_offering
1693,129,2023-11-14 10:15:00,start_subscription
1694,129,2023-11-14 10:30:00,start_subscription
1695,129,2023-11-14 10:46:00,view_offering
1696,130,2022-04-25 08:20:00,start_subscription
1697,130,2022-05-31 11:03:00,message_support
1698,130,2022-05-31 11:06:00,start_subscription
1699,130,2022-05-31 11:22:00,message_support
1700,130,2022-05-31 11:40:00,start_subscription
1701,130,2022-05-31 11:53:00,message_support
1702,130,2022-05-31 11:58:00,message_support
1703,130,2022-05-31 12:17:00,start_subscription
1704,130,2022-08-04 15:05:00,view_offering
1705,130,2022-08-04 15:16:00,message_support
1706,130,2022-08-04 15:35:00,view_offering
1707,130,2022-08-04 15:51:00,login
1708,130,2022-08-04 16:12:00,message_support
1709,130,2022-08-04 16:23:00,message_support
1710,130,2022-08-05 18:06:00,view_offering
1711,130,2022-08-05 18:18:00,login
1712,130,2022-08-05 18:41:00,open_document
1713,130,2022-08-05 18:42:00,open_document
1714,130,2022-08-05 19:07:00,start_subscription
1715,130,2022-08-05 19:20:00,message_support
1716,130,2022-09-18 01:19:00,login
1717,130,2022-09-18 01:20:00,login
1718,130,2022-09-18 01:26:00,open_document
1719,130,2022-09-18 01:44:00,view_offering
1720,131,2022-05-03 11:09:00,view_offering
1721,131,2022-05-03 11:26:00,start_subscription
1722,131,2022-05-03 11:41:00,message_support
1723,131,2022-06-23 11:12:00,message_support
1724,131,2022-06-23 11:22:00,view_offering
1725,131,2022-09-13 11:05:00,message_support
1726,131,2022-09-13 11:29:00,message_support
1727,131,2022-09-13 11:38:00,start_subscription
1728,131,2022-09-13 11:46:00,view_offering
1729,131,2022-09-13 12:04:00,message_support
1730,131,2022-09-13 12:08:00,open_document
1731,131,2022-11-04 10:03:00,open_document
1732,131,2022-11-04 10:09:00,message_support
1733,131,2022-11-04 10:34:00,open_document
1734,131,2023-01-05 09:13:00,view_offering
1735,131,2023-01-05 09:32:00,view_offering
1736,131,2023-01-05 09:45:00,message_support
1737,131,2023-02-03 17:11:00,message_support
1738,131,2023-02-03 17:31:00,open_document
1739,132,2022-05-10 14:18:00,start_subscription
1740,133,2022-09-01 06:16:00,message_support
1741,133,2022-09-01 06:25:00,start_subscription
1742,133,2022-09-01 06:43:00,open_document
1743,133,2022-09-01 06:44:00,message_support
1744,133,2022-09-01 06:55:00,start_subscription
1745,133,2022-09-01 07:20:00,open_document
1746,133,2022-10-05 06:07:00,open_document
1747,133,2022-12-25 12:22:00,message_support
1748,134,2023-10-13 07:20:00,start_subscription
1749,134,2023-10-13 07:26:00,login
1750,134,2023-10-13 07:33:00,message_support
1751,134,2023-10-13 07:56:00,open_document
1752,134,2023-12-27 07:02:00,login
1753,134,2023-12-27 07:14:00,view_offering
1754,134,2023-12-27 07:27:00,open_document
1755,134,2024-01-08 09:15:00,login
1756,134,2024-01-08 09:26:00,open_document
1757,134,2024-01-08 09:33:00,login
1758,134,2024-02-05 17:12:00,message_support
1759,134,2024-02-05 17:19:00,start_subscription
1760,134,2024-04-07 01:17:00,login
1761,134,2024-04-07 01:25:00,start_subscription
1762,134,2024-04-07 01:40:00,open_document
1763,134,2024-04-07 01:42:00,login
1764,134,2024-04-07 02:02:00,open_document
1765,134,2024-04-07 02:07:00,login
1766,134,2024-04-07 02:17:00,login
1767,135,2023-01-14 08:13:00,message_support
1768,135,2023-01-14 08:30:00,login
1769,135,2023-01-14 08:53:00,message_support
1770,135,2023-01-14 09:10:00,start_subscription
1771,136,2023-10-13 15:05:00,start_subscription
1772,136,2023-10-13 15:06:00,open_document
1773,136,2023-10-13 15:18:00,view_offering
1774,136,2023-10-13 15:26:00,message_support
1775,136,2023-10-13 15:43:00,message_support
1776,136,2023-10-13 16:08:00,open_document
1777,136,2023-12-04 14:11:00,message_support
1778,136,2023-12-04 14:36:00,start_subscription
1779,136,2024-01-27 11:25:00,message_support
1780,136,2024-01-27 11:42:00,start_subscription
1781,136,2024-01-27 12:07:00,start_subscription
1782,136,2024-04-05 15:10:00,view_offering
1783,136,2024-04-05 15:15:00,start_subscription
1784,136,2024-04-05 15:38:00,open_document
1785,136,2024-06-10 17:22:00,open_document
1786,136,2024-06-10 17:40:00,open_document
1787,136,2024-06-10 18:04:00,message_support
1788,136,2024-06-10 18:18:00,open_document
1789,136,2024-06-10 18:29:00,message_support
1790,136,2024-06-10 18:39:00,view_offering
1791,137,2024-03-15 10:04:00,login
1792,137,2024-03-15 10:27:00,start_subscription
1793,137,2024-03-15 10:38:00,login
1794,137,2024-03-15 10:43:00,login
1795,137,2024-03-15 10:45:00,login
1796,137,2024-04-04 11:21:00,view_offering
1797,137,2024-04-04 11:40:00,view_offering
1798,137,2024-04-04 11:43:00,view_offering
1799,137,2024-04-21 18:04:00,open_document
1800,137,2024-04-21 18:15:00,login
1801,137,2024-04-21 18:22:00,login
1802,137,2024-04-21 18:33:00,open_document
1803,137,2024-04-21 18:49:00,login
1804,137,2024-04-21 19:06:00,view_offering
1805,137,2024-04-21 19:27:00,start_subscription
1806,137,2024-07-03 02:22:00,login
1807,137,2024-07-03 02:32:00,open_document
1808,137,2024-08-09 07:20:00,start_subscription
1809,137,2024-08-09 07:33:00,message_support
1810,137,2024-08-09 07:53:00,start_subscription
1811,137,2024-08-09 07:58:00,start_subscription
1812,137,2024-08-09 08:21:00,view_offering
1813,138,2024-07-23 16:15:00,open_document
1814,138,2024-07-23 16:36:00,start_subscription
1815,138,2024-07-23 16:41:00,login
1816,138,2024-07-23 16:46:00,open_document
1817,138,2024-07-23 17:03:00,view_offering
1818,138,2024-07-23 17:15:00,open_document
1819,138,2024-07-23 17:22:00,login
1820,138,2024-09-29 16:06:00,message_support
1821,138,2024-09-29 16:10:00,view_offering
1822,138,2024-09-29 16:17:00,login
1823,138,2024-09-29 16:22:00,view_offering
1824,138,2024-09-29 16:42:00,view_offering
1825,138,2024-09-29 17:03:00,login
1826,138,2024-09-29 17:24:00,open_document
1827,138,2024-12-18 14:13:00,login
1828,138,2024-12-30 19:14:00,open_document
1829,138,2024-12-30 19:30:00,view_offering
1830,139,2023-09-21 13:01:00,message_support
1831,139,2023-09-21 13:07:00,start_subscription
1832,139,2023-09-21 13:20:00,message_support
1833,139,2023-10-03 20:06:00,view_offering
1834,139,2023-10-03 20:18:00,start_subscription
1835,139,2023-10-03 20:33:00,open_document
1836,139,2023-10-03 20:42:00,open_document
1837,140,2024-05-30 10:05:00,start_subscription
1838,140,2024-05-30 10:10:00,message_support
1839,140,2024-05-30 10:12:00,open_document
1840,140,2024-05-30 10:17:00,message_support
1841,140,2024-06-11 15:25:00,start_subscription
1842,140,2024-06-11 15:38:00,message_support
1843,140,2024-06-11 15:46:00,login
1844,140,2024-06-11 15:59:00,login
1845,140,2024-06-11 16:17:00,view_offering
1846,140,2024-06-11 16:40:00,start_subscription
1847,140,2024-06-11 16:44:00,start_subscription
1848,140,2024-07-04 13:22:00,view_offering
1849,140,2024-07-04 13:29:00,start_subscription
1850,140,2024-07-04 13:52:00,view_offering
1851,140,2024-07-04 14:11:00,message_support
1852,140,2024-07-28 10:06:00,view_offering
1853,140,2024-07-28 10:11:00,message_support
1854,140,2024-07-28 10:30:00,message_support
1855,140,2024-08-25 18:06:00,login
1856,140,2024-08-25 18:30:00,start_subscription
1857,140,2024-08-25 18:41:00,message_support
1858,140,2024-08-25 18:44:00,open_document
1859,141,2024-09-14 14:08:00,view_offering
1860,141,2024-09-14 14:19:00,open_document
1861,141,2024-12-13 14:19:00,message_support
1862,141,2024-12-13 14:26:00,open_document
1863,141,2024-12-13 14:44:00,open_document
1864,141,2024-12-13 14:53:00,start_subscription
1865,141,2024-12-13 14:57:00,start_subscription
1866,141,2024-12-13 15:21:00,start_subscription
1867,141,2024-12-13 15:45:00,start_subscription
1868,142,2024-02-26 12:08:00,login
1869,142,2024-02-26 12:27:00,open_document
1870,142,2024-02-26 12:36:00,open_document
1871,142,2024-05-10 16:23:00,login
1872,142,2024-05-10 16:29:00,start_subscription
1873,142,2024-05-10 16:49:00,message_support
1874,142,2024-05-10 17:04:00,login
1875,142,2024-05-10 17:10:00,message_support
1876,143,2022-10-16 07:02:00,open_document
1877,143,2022-10-16 07:10:00,message_support
1878,143,2022-12-15 12:24:00,login
1879,143,2022-12-15 12:31:00,start_subscription
1880,143,2022-12-15 12:54:00,open_document
1881,143,2022-12-15 12:59:00,message_support
1882,144,2025-01-14 09:05:00,login
1883,144,2025-01-14 09:27:00,login
1884,144,2025-02-01 11:24:00,login
1885,144,2025-02-01 11:42:00,view_offering
1886,144,2025-02-01 11:48:00,login
1887,144,2025-02-01 11:50:00,open_document
1888,144,2025-04-13 15:22:00,start_subscription
1889,144,2025-04-13 15:39:00,message_support
1890,144,2025-04-13 15:56:00,message_support
1891,144,2025-04-13 16:11:00,open_document
1892,144,2025-04-13 16:33:00,view_offering
1893,144,2025-07-11 23:23:00,open_document
1894,144,2025-07-11 23:45:00,message_support
1895,144,2025-07-11 23:57:00,view_offering
1896,144,2025-07-12 00:05:00,message_support
1897,144,2025-07-12 00:18:00,login
1898,144,2025-07-12 00:43:00,login
1899,144,2025-08-06 20:10:00,view_offering
1900,144,2025-08-06 20:23:00,login
1901,144,2025-08-06 20:42:00,message_support
1902,145,2022-02-25 13:12:00,view_offering
1903,145,2022-03-24 21:03:00,login
1904,145,2022-03-24 21:28:00,view_offering
1905,145,2022-03-24 21:49:00,message_support
1906,145,2022-03-24 21:55:00,message_support
1907,145,2022-03-24 22:19:00,open_document
1908,145,2022-06-17 18:10:00,view_offering
1909,146,2021-11-24 16:24:00,message_support
1910,146,2021-11-24 16:31:00,login
1911,146,2021-11-24 16:51:00,view_offering
1912,146,2021-11-24 16:52:00,message_support
1913,146,2021-11-24 17:06:00,start_subscription
1914,146,2021-11-24 17:09:00,view_offering
1915,146,2021-11-24 17:31:00,message_support
1916,146,2022-01-27 14:04:00,view_offering
1917,146,2022-01-27 14:17:00,login
1918,146,2022-01-27 14:38:00,view_offering
1919,146,2022-01-27 15:02:00,view_offering
1920,146,2022-01-27 15:06:00,view_offering
1921,146,2022-02-17 12:22:00,start_subscription
1922,146,2022-02-17 12:36:00,start_subscription
1923,146,2022-02-17 13:01:00,view_offering
1924,146,2022-02-17 13:03:00,login
1925,146,2022-02-17 13:23:00,login
1926,146,2022-02-17 13:27:00,login
1927,146,2022-02-17 13:40:00,start_subscription
1928,146,2022-03-03 11:02:00,login
1929,146,2022-03-03 11:22:00,login
1930,147,2024-03-29 17:22:00,message_support
1931,147,2024-03-29 17:47:00,start_subscription
1932,147,2024-03-29 17:55:00,view_offering
1933,147,2024-06-18 01:07:00,login
1934,147,2024-06-18 01:17:00,message_support
1935,147,2024-06-18 01:24:00,start_subscription
1936,147,2024-06-18 01:37:00,open_document
1937,147,2024-06-18 01:44:00,message_support
1938,147,2024-06-18 01:45:00,view_offering
1939,147,2024-08-16 08:10:00,message_support
1940,147,2024-08-16 08:14:00,view_offering
1941,147,2024-08-16 08:39:00,open_document
1942,147,2024-08-16 08:45:00,login
1943,147,2024-08-16 08:48:00,open_document
1944,147,2024-08-16 08:49:00,message_support
1945,147,2024-11-12 11:17:00,view_offering
1946,147,2024-11-12 11:28:00,login
1947,147,2024-11-12 11:47:00,open_document
1948,147,2024-11-12 11:52:00,view_offering
1949,147,2024-11-12 12:12:00,open_document
1950,147,2024-11-12 12:25:00,view_offering
1951,148,2023-06-20 09:12:00,open_document
1952,148,2023-06-20 09:36:00,start_subscription
1953,148,2023-06-20 09:39:00,login
1954,148,2023-06-20 09:46:00,message_support
1955,148,2023-06-20 10:06:00,open_document
1956,148,2023-06-20 10:11:00,message_support
1957,149,2024-05-12 07:15:00,login
1958,149,2024-05-12 07:20:00,open_document
1959,149,2024-06-06 10:18:00,open_document
1960,149,2024-06-06 10:36:00,open_document
1961,149,2024-06-06 10:49:00,open_document
1962,149,2024-06-23 10:01:00,open_document
1963,149,2024-06-23 10:04:00,view_offering
1964,149,2024-06-23 10:05:00,view_offering
1965,149,2024-06-23 10:21:00,login
1966,149,2024-06-23 10:35:00,login
1967,149,2024-06-23 10:47:00,message_support
1968,149,2024-06-23 10:53:00,start_subscription
1969,149,2024-07-23 15:09:00,login
1970,149,2024-07-23 15:15:00,message_support
1971,149,2024-07-23 15:35:00,login
1972,149,2024-07-23 15:50:00,login
1973,150,2021-04-18 15:14:00,view_offering
1974,150,2021-05-05 14:10:00,message_support
1975,150,2021-05-05 14:31:00,login
1976,150,2021-05-05 14:42:00,open_document
1977,150,2021-05-05 14:51:00,view_offering
1978,150,2021-05-05 15:13:00,login
1979,150,2021-05-05 15:21:00,open_document
1980,150,2021-05-05 15:23:00,view_offering
1981,150,2021-05-13 12:20:00,open_document
1982,150,2021-07-04 16:25:00,start_subscription
1983,150,2021-07-04 16:37:00,start_subscription
1984,150,2021-07-04 16:47:00,message_support
1985,150,2021-07-04 16:50:00,open_document
1986,150,2021-07-04 17:05:00,message_support
1987,151,2021-03-29 11:14:00,view_offering
1988,151,2021-03-29 11:22:00,open_document
1989,151,2021-03-29 11:38:00,login
1990,151,2021-04-16 12:14:00,login
1991,151,2021-04-16 12:18:00,login
1992,151,2021-04-16 12:36:00,login
1993,151,2021-04-16 13:01:00,login
1994,151,2021-06-21 10:07:00,login
1995,151,2021-08-13 15:04:00,start_subscription
1996,151,2021-08-13 15:17:00,open_document
1997,151,2021-08-25 19:14:00,message_support
1998,151,2021-08-25 19:16:00,message_support
1999,151,2021-08-28 00:24:00,open_document
2000,152,2022-01-08 08:01:00,login
2001,152,2022-01-08 08:12:00,login
2002,152,2022-01-08 08:27:00,login
2003,152,2022-01-08 08:34:00,message_support
2004,152,2022-01-08 08:36:00,start_subscription
2005,152,2022-03-07 06:02:00,start_subscription
2006,152,2022-03-07 06:25:00,view_offering
2007,152,2022-04-19 04:10:00,open_document
2008,152,2022-06-26 05:10:00,view_offering
2009,152,2022-06-26 05:23:00,view_offering
2010,152,2022-06-26 05:27:00,view_offering
2011,152,2022-06-26 05:28:00,login
2012,153,2024-06-08 08:18:00,message_support
2013,153,2024-06-08 08:40:00,open_document
2014,153,2024-06-08 08:55:00,start_subscription
2015,153,2024-08-02 14:16:00,login
2016,153,2024-08-02 14:23:00,login
2017,153,2024-08-02 14:41:00,login
2018,153,2024-09-14 14:25:00,view_offering
2019,153,2024-09-14 14:45:00,start_subscription
2020,153,2024-09-14 14:51:00,start_subscription
2021,153,2024-09-14 15:00:00,start_subscription
2022,153,2024-09-14 15:13:00,start_subscription
2023,153,2024-09-14 15:18:00,login
2024,153,2024-10-30 20:17:00,view_offering
2025,153,2024-11-18 04:16:00,login
2026,153,2024-11-18 04:18:00,login
2027,153,2024-11-18 04:27:00,start_subscription
2028,153,2024-11-18 04:41:00,start_subscription
2029,153,2024-11-18 04:45:00,open_document
2030,153,2024-11-18 04:56:00,message_support
2031,153,2024-11-18 04:57:00,login
2032,154,2023-04-24 13:16:00,start_subscription
2033,154,2023-04-24 13:20:00,open_document
2034,154,2023-04-24 13:22:00,login
2035,154,2023-04-24 13:46:00,open_document
2036,154,2023-04-24 14:05:00,view_offering
2037,155,2023-07-04 07:23:00,message_support
2038,155,2023-07-04 07:48:00,open_document
2039,155,2023-07-04 08:07:00,login
2040,155,2023-07-04 08:18:00,view_offering
2041,155,2023-07-04 08:40:00,login
2042,155,2023-07-04 08:51:00,view_offering
2043,155,2023-07-04 08:53:00,open_document
2044,155,2023-09-21 13:02:00,message_support
2045,155,2023-09-21 13:12:00,message_support
2046,155,2023-09-21 13:28:00,start_subscription
2047,155,2023-09-21 13:48:00,message_support
2048,155,2023-09-21 14:04:00,view_offering
2049,155,2023-12-13 11:15:00,message_support
2050,155,2023-12-13 11:30:00,login
2051,155,2024-02-05 14:18:00,open_document
2052,155,2024-02-05 14:22:00,start_subscription
2053,155,2024-02-05 14:35:00,login
2054,155,2024-02-05 14:40:00,view_offering
2055,155,2024-02-05 14:56:00,open_document
2056,155,2024-02-12 18:19:00,open_document
2057,155,2024-02-12 18:27:00,view_offering
2058,155,2024-02-12 18:33:00,open_document
2059,155,2024-02-12 18:47:00,view_offering
2060,156,2023-10-18 14:19:00,message_support
2061,156,2023-10-18 14:29:00,message_support
2062,156,2023-10-18 14:48:00,login
2063,156,2023-10-18 15:08:00,start_subscription
2064,156,2023-10-18 15:09:00,login
2065,156,2023-10-18 15:32:00,open_document
2066,156,2023-11-09 17:22:00,view_offering
2067,156,2023-11-09 17:23:00,view_offering
2068,156,2023-11-09 17:38:00,login
2069,156,2023-11-09 17:55:00,start_subscription
2070,156,2023-11-09 18:13:00,view_offering
2071,156,2023-11-09 18:17:00,login
2072,156,2023-11-09 18:31:00,login
2073,157,2021-03-29 16:01:00,open_document
2074,157,2021-03-29 16:05:00,message_support
2075,157,2021-03-29 16:08:00,view_offering
2076,157,2021-03-29 16:20:00,message_support
2077,157,2021-03-29 16:39:00,message_support
2078,157,2021-03-29 16:59:00,message_support
2079,157,2021-06-12 20:04:00,login
2080,157,2021-06-12 20:19:00,login
2081,158,2023-03-21 14:19:00,open_document
2082,158,2023-03-21 14:41:00,message_support
2083,158,2023-03-21 14:42:00,login
2084,158,2023-03-21 15:00:00,start_subscription
2085,158,2023-03-21 15:09:00,open_document
2086,158,2023-03-21 15:27:00,view_offering
2087,158,2023-04-11 12:12:00,message_support
2088,158,2023-04-11 12:29:00,view_offering
2089,158,2023-04-11 12:48:00,start_subscription
2090,158,2023-04-11 13:05:00,open_document
2091,158,2023-06-07 09:06:00,login
2092,158,2023-06-07 09:07:00,open_document
2093,158,2023-06-07 09:25:00,login
2094,158,2023-06-07 09:39:00,start_subscription
2095,158,2023-06-07 09:50:00,start_subscription
2096,158,2023-09-01 07:06:00,view_offering
2097,158,2023-09-01 07:19:00,message_support
2098,158,2023-09-01 07:22:00,open_document
2099,158,2023-09-01 07:42:00,start_subscription
2100,158,2023-09-01 07:45:00,login
2101,158,2023-09-01 07:51:00,message_support
2102,158,2023-09-01 08:07:00,message_support
2103,158,2023-10-06 06:22:00,start_subscription
2104,158,2023-10-06 06:40:00,message_support
2105,158,2023-10-06 06:45:00,start_subscription
2106,158,2023-10-06 07:09:00,start_subscription
2107,158,2023-10-06 07:28:00,start_subscription
2108,158,2023-12-31 13:09:00,login
2109,159,2022-08-16 09:04:00,open_document
2110,159,2022-08-16 09:07:00,message_support
2111,159,2022-08-16 09:21:00,login
2112,159,2022-08-16 09:33:00,start_subscription
2113,159,2022-08-16 09:35:00,start_subscription
2114,159,2022-08-16 09:53:00,view_offering
2115,159,2022-09-08 13:22:00,message_support
2116,159,2022-09-08 13:40:00,view_offering
2117,159,2022-09-08 13:51:00,start_subscription
2118,159,2022-10-24 11:15:00,message_support
2119,159,2022-10-24 11:37:00,start_subscription
2120,159,2022-10-24 11:43:00,open_document
2121,159,2022-10-24 12:04:00,login
2122,159,2022-10-24 12:24:00,start_subscription
2123,159,2022-10-24 12:47:00,open_document
2124,159,2022-10-24 13:07:00,start_subscription
2125,159,2022-12-13 16:24:00,open_document
2126,159,2022-12-13 16:44:00,start_subscription
2127,159,2022-12-17 17:17:00,open_document
2128,159,2022-12-17 17:22:00,login
2129,159,2022-12-17 17:37:00,login
2130,159,2022-12-17 17:42:00,message_support
2131,160,2021-03-15 12:06:00,open_document
2132,160,2021-03-15 12:25:00,view_offering
2133,160,2021-06-04 15:18:00,message_support
2134,160,2021-06-04 15:23:00,login
2135,160,2021-06-04 15:40:00,message_support
2136,160,2021-07-03 16:13:00,message_support
2137,160,2021-07-03 16:36:00,message_support
2138,160,2021-07-03 16:44:00,message_support
2139,160,2021-07-03 16:46:00,start_subscription
2140,160,2021-07-03 16:51:00,open_document
2141,161,2024-04-05 08:17:00,start_subscription
2142,161,2024-04-05 08:37:00,message_support
2143,161,2024-04-05 08:40:00,start_subscription
2144,161,2024-04-05 08:41:00,message_support
2145,161,2024-04-05 08:44:00,login
2146,161,2024-04-05 08:54:00,login
2147,161,2024-04-05 09:01:00,login
2148,161,2024-06-20 16:12:00,message_support
2149,161,2024-06-20 16:33:00,view_offering
2150,161,2024-07-18 00:04:00,view_offering
2151,161,2024-07-18 00:11:00,start_subscription
2152,161,2024-07-18 00:35:00,start_subscription
2153,161,2024-07-18 00:36:00,open_document
2154,161,2024-08-11 00:09:00,open_document
2155,162,2021-11-03 07:11:00,login
2156,162,2021-11-03 07:17:00,open_document
2157,162,2021-11-03 07:26:00,open_document
2158,162,2021-11-03 07:42:00,view_offering
2159,162,2021-12-07 05:04:00,start_subscription
2160,162,2021-12-07 05:15:00,login
2161,162,2021-12-07 05:22:00,open_document
2162,162,2021-12-07 05:31:00,login
2163,162,2021-12-07 05:50:00,start_subscription
2164,162,2022-01-28 03:25:00,start_subscription
2165,162,2022-01-28 03:49:00,login
2166,162,2022-01-28 04:14:00,message_support
2167,162,2022-01-28 04:19:00,open_document
2168,162,2022-04-15 08:25:00,message_support
2169,162,2022-04-15 08:46:00,login
2170,162,2022-04-15 09:04:00,message_support
2171,162,2022-04-15 09:28:00,login
2172,162,2022-04-15 09:41:00,start_subscription
2173,162,2022-06-25 07:09:00,login
2174,163,2025-01-19 12:04:00,view_offering
2175,163,2025-01-19 12:15:00,message_support
2176,163,2025-01-19 12:21:00,start_subscription
2177,163,2025-01-19 12:42:00,start_subscription
2178,163,2025-01-19 12:51:00,message_support
2179,163,2025-03-15 18:18:00,message_support
2180,163,2025-03-15 18:26:00,message_support
2181,163,2025-03-15 18:39:00,message_support
2182,163,2025-03-15 18:57:00,start_subscription
2183,163,2025-03-15 19:07:00,message_support
2184,163,2025-03-15 19:20:00,message_support
2185,163,2025-04-25 02:03:00,open_document
2186,163,2025-04-25 02:14:00,message_support
2187,163,2025-04-25 02:23:00,open_document
2188,163,2025-04-25 02:45:00,login
2189,163,2025-04-25 02:49:00,login
2190,163,2025-04-25 03:09:00,view_offering
2191,163,2025-04-25 03:33:00,message_support
2192,163,2025-07-21 01:22:00,start_subscription
2193,164,2024-03-06 17:23:00,login
2194,164,2024-03-06 17:35:00,login
2195,164,2024-03-06 17:38:00,start_subscription
2196,164,2024-03-06 17:41:00,start_subscription
2197,164,2024-06-03 01:08:00,message_support
2198,164,2024-08-11 06:13:00,view_offering
2199,164,2024-08-11 06:27:00,open_document
2200,164,2024-08-11 06:35:00,start_subscription
2201,164,2024-08-11 06:58:00,view_offering
2202,164,2024-08-11 07:02:00,message_support
2203,164,2024-08-11 07:21:00,open_document
2204,164,2024-08-11 07:32:00,open_document
2205,165,2021-10-15 12:01:00,login
2206,165,2021-10-15 12:02:00,message_support
2207,165,2021-10-15 12:23:00,message_support
2208,165,2021-10-15 12:33:00,view_offering
2209,165,2021-11-23 17:09:00,view_offering
2210,165,2021-11-23 17:11:00,open_document
2211,165,2021-11-23 17:24:00,start_subscription
2212,165,2021-11-23 17:46:00,open_document
2213,165,2021-11-23 18:10:00,message_support
2214,165,2022-02-10 20:16:00,start_subscription
2215,165,2022-02-10 20:18:00,open_document
2216,165,2022-02-10 20:32:00,open_document
2217,165,2022-02-10 20:38:00,login
2218,165,2022-03-22 22:12:00,start_subscription
2219,165,2022-03-22 22:37:00,start_subscription
2220,165,2022-03-22 22:48:00,message_support
2221,165,2022-03-22 22:49:00,message_support
2222,165,2022-05-19 23:11:00,view_offering
2223,165,2022-05-19 23:18:00,message_support
2224,165,2022-05-19 23:38:00,login
2225,165,2022-05-19 23:52:00,view_offering
2226,165,2022-05-20 00:00:00,open_document
2227,165,2022-05-20 00:09:00,start_subscription
2228,165,2022-05-20 00:22:00,view_offering
2229,166,2021-01-30 12:23:00,open_document
2230,166,2021-01-30 12:25:00,login
2231,166,2021-01-30 12:38:00,open_document
2232,166,2021-04-18 18:08:00,login
2233,166,2021-04-18 18:09:00,start_subscription
2234,166,2021-04-18 18:15:00,view_offering
2235,166,2021-05-04 17:10:00,view_offering
2236,166,2021-05-04 17:35:00,start_subscription
2237,166,2021-06-28 21:22:00,start_subscription
2238,166,2021-06-28 21:32:00,start_subscription
2239,166,2021-06-28 21:37:00,open_document
2240,166,2021-06-28 21:57:00,login
2241,166,2021-06-28 22:10:00,login
2242,166,2021-06-28 22:14:00,login
2243,166,2021-07-21 22:04:00,login
2244,166,2021-07-21 22:16:00,message_support
2245,166,2021-07-21 22:25:00,message_support
2246,166,2021-07-21 22:42:00,start_subscription
2247,166,2021-07-21 22:44:00,login
2248,166,2021-07-21 23:09:00,message_support
2249,166,2021-07-23 20:19:00,message_support
2250,166,2021-07-23 20:32:00,start_subscription
2251,166,2021-07-23 20:55:00,start_subscription
2252,166,2021-07-23 21:13:00,view_offering
2253,167,2023-10-11 08:20:00,open_document
2254,167,2023-10-11 08:35:00,login
2255,167,2023-10-11 08:44:00,start_subscription
2256,167,2023-10-11 08:49:00,start_subscription
2257,167,2023-10-11 08:58:00,view_offering
2258,167,2024-01-01 11:05:00,login
2259,168,2024-01-25 09:09:00,view_offering
2260,168,2024-01-25 09:33:00,start_subscription
2261,168,2024-01-25 09:44:00,view_offering
2262,168,2024-01-25 09:58:00,open_document
2263,168,2024-01-25 10:21:00,message_support
2264,168,2024-03-15 14:15:00,message_support
2265,169,2022-07-26 08:09:00,message_support
2266,169,2022-07-26 08:15:00,open_document
2267,169,2022-07-26 08:20:00,login
2268,169,2022-10-20 13:25:00,view_offering
2269,169,2022-10-20 13:42:00,open_document
2270,169,2022-10-20 13:51:00,open_document
2271,169,2022-10-20 14:16:00,open_document
2272,169,2022-10-20 14:18:00,login
2273,169,2022-10-20 14:40:00,start_subscription
2274,169,2022-11-22 14:12:00,open_document
2275,169,2022-11-22 14:33:00,start_subscription
2276,169,2022-11-22 14:44:00,view_offering
2277,169,2022-11-22 14:51:00,login
2278,169,2022-11-22 14:55:00,view_offering
2279,169,2022-11-22 15:02:00,view_offering
2280,170,2022-12-11 10:18:00,message_support
2281,170,2022-12-11 10:43:00,start_subscription
2282,170,2022-12-11 11:05:00,message_support
2283,170,2022-12-11 11:29:00,login
2284,170,2022-12-11 11:44:00,start_subscription
2285,170,2022-12-11 12:09:00,start_subscription
2286,170,2022-12-11 12:34:00,view_offering
2287,170,2023-01-12 17:21:00,view_offering
2288,170,2023-01-12 17:37:00,view_offering
2289,170,2023-01-12 17:38:00,view_offering
2290,170,2023-03-25 22:22:00,view_offering
2291,170,2023-03-25 22:25:00,start_subscription
2292,170,2023-03-25 22:37:00,login
2293,170,2023-03-25 22:58:00,message_support
2294,170,2023-04-02 20:13:00,view_offering
2295,170,2023-04-02 20:15:00,open_document
2296,170,2023-04-02 20:26:00,view_offering
2297,170,2023-04-02 20:28:00,start_subscription
2298,170,2023-04-02 20:48:00,view_offering
2299,170,2023-05-15 04:17:00,view_offering
2300,170,2023-05-15 04:26:00,message_support
2301,170,2023-05-15 04:34:00,open_document
2302,170,2023-05-15 04:42:00,open_document
2303,170,2023-05-15 04:43:00,login
2304,170,2023-08-13 11:04:00,message_support
2305,170,2023-08-13 11:07:00,start_subscription
2306,170,2023-08-13 11:22:00,start_subscription
2307,170,2023-08-13 11:39:00,open_document
2308,170,2023-08-13 11:56:00,login
2309,170,2023-08-13 12:10:00,open_document
2310,171,2021-04-22 10:22:00,open_document
2311,171,2021-04-22 10:31:00,open_document
2312,171,2021-04-22 10:45:00,login
2313,171,2021-06-30 10:18:00,open_document
2314,171,2021-06-30 10:41:00,login
2315,171,2021-06-30 10:57:00,message_support
2316,171,2021-06-30 11:17:00,view_offering
2317,171,2021-06-30 11:32:00,message_support
2318,171,2021-06-30 11:36:00,login
2319,171,2021-06-30 11:57:00,open_document
2320,172,2021-10-15 15:05:00,message_support
2321,172,2021-12-13 20:22:00,open_document
2322,172,2021-12-13 20:40:00,start_subscription
2323,172,2021-12-13 21:00:00,message_support
2324,172,2021-12-13 21:19:00,start_subscription
2325,172,2021-12-13 21:38:00,message_support
2326,173,2024-09-22 17:02:00,open_document
2327,173,2024-09-22 17:13:00,start_subscription
2328,173,2024-09-22 17:32:00,view_offering
2329,173,2024-09-22 17:48:00,login
2330,173,2024-09-22 17:57:00,start_subscription
2331,173,2024-12-19 16:13:00,view_offering
2332,173,2024-12-19 16:15:00,login
2333,173,2024-12-19 16:39:00,message_support
2334,173,2025-02-28 00:23:00,open_document
2335,173,2025-02-28 00:29:00,open_document
2336,173,2025-02-28 00:34:00,view_offering
2337,173,2025-02-28 00:52:00,view_offering
2338,173,2025-05-15 04:17:00,view_offering
2339,173,2025-05-15 04:25:00,message_support
2340,173,2025-05-29 03:21:00,message_support
2341,174,2023-03-30 12:06:00,message_support
2342,174,2023-03-30 12:13:00,view_offering
2343,174,2023-03-30 12:30:00,message_support
2344,174,2023-03-30 12:32:00,message_support
2345,174,2023-03-30 12:50:00,view_offering
2346,174,2023-03-30 12:56:00,view_offering
2347,174,2023-03-30 13:00:00,login
2348,174,2023-04-14 09:08:00,view_offering
2349,174,2023-04-14 09:09:00,login
2350,174,2023-04-23 17:13:00,start_subscription
2351,174,2023-04-23 17:27:00,start_subscription
2352,174,2023-04-23 17:31:00,login
2353,174,2023-04-23 17:32:00,message_support
2354,174,2023-04-23 17:53:00,message_support
2355,174,2023-07-18 22:22:00,start_subscription
2356,174,2023-07-18 22:45:00,start_subscription
2357,174,2023-07-18 22:49:00,login
2358,174,2023-07-18 23:07:00,login
2359,174,2023-07-18 23:17:00,view_offering
2360,174,2023-07-18 23:29:00,start_subscription
2361,174,2023-07-18 23:32:00,open_document
2362,175,2022-11-11 14:11:00,view_offering
2363,175,2022-11-11 14:32:00,login
2364,175,2022-11-11 14:51:00,message_support
2365,176,2024-08-19 10:25:00,message_support
2366,176,2024-08-19 10:46:00,view_offering
2367,176,2024-08-19 10:53:00,open_document
2368,176,2024-08-19 11:03:00,start_subscription
2369,177,2021-08-15 16:04:00,login
2370,177,2021-08-15 16:05:00,view_offering
2371,177,2021-08-15 16:29:00,login
2372,177,2021-08-15 16:44:00,start_subscription
2373,177,2021-08-15 16:50:00,login
2374,177,2021-08-15 17:02:00,open_document
2375,177,2021-08-15 17:13:00,message_support
2376,177,2021-10-03 20:03:00,open_document
2377,177,2021-10-03 20:04:00,login
2378,177,2021-10-03 20:18:00,start_subscription
2379,177,2021-10-03 20:40:00,start_subscription
2380,177,2021-10-03 20:54:00,open_document
2381,177,2021-10-03 20:57:00,login
2382,177,2021-10-03 20:58:00,start_subscription
2383,177,2021-11-20 21:03:00,login
2384,177,2021-11-20 21:26:00,view_offering
2385,177,2021-11-20 21:36:00,login
2386,177,2021-11-20 21:51:00,message_support
2387,177,2021-11-20 22:02:00,login
2388,177,2021-11-20 22:15:00,message_support
2389,177,2021-11-20 22:34:00,open_document
2390,177,2022-02-09 01:17:00,message_support
2391,177,2022-02-11 03:18:00,view_offering
2392,177,2022-02-11 03:32:00,start_subscription
2393,177,2022-02-11 03:50:00,view_offering
2394,177,2022-02-11 04:00:00,message_support
2395,177,2022-02-11 04:05:00,start_subscription
2396,177,2022-02-11 04:23:00,message_support
2397,177,2022-02-11 04:42:00,message_support
2398,178,2021-12-28 12:15:00,login
2399,178,2021-12-28 12:32:00,view_offering
2400,178,2021-12-28 12:50:00,start_subscription
2401,178,2021-12-28 13:08:00,message_support
2402,178,2021-12-28 13:25:00,message_support
2403,178,2022-01-13 16:22:00,start_subscription
2404,178,2022-01-13 16:42:00,login
2405,178,2022-01-13 16:54:00,login
2406,178,2022-01-13 17:06:00,message_support
2407,178,2022-01-13 17:20:00,view_offering
2408,178,2022-03-01 20:03:00,message_support
2409,178,2022-03-01 20:18:00,start_subscription
2410,178,2022-03-01 20:19:00,message_support
2411,178,2022-03-01 20:27:00,view_offering
2412,178,2022-03-01 20:28:00,login
2413,178,2022-03-01 20:33:00,start_subscription
2414,178,2022-03-01 20:56:00,open_document
2415,178,2022-04-30 03:19:00,message_support
2416,178,2022-04-30 03:25:00,start_subscription
2417,178,2022-04-30 03:26:00,open_document
2418,178,2022-04-30 03:29:00,message_support
2419,178,2022-04-30 03:30:00,message_support
2420,179,2023-06-20 07:15:00,open_document
2421,179,2023-06-20 07:26:00,message_support
2422,179,2023-06-20 07:37:00,login
2423,179,2023-06-20 07:52:00,start_subscription
2424,179,2023-06-20 08:07:00,open_document
2425,179,2023-06-20 08:30:00,login
2426,179,2023-06-20 08:52:00,view_offering
2427,179,2023-08-22 08:20:00,view_offering
2428,179,2023-08-22 08:23:00,login
2429,179,2023-08-22 08:41:00,message_support
2430,179,2023-08-22 08:46:00,open_document
2431,179,2023-09-03 14:19:00,start_subscription
2432,179,2023-09-03 14:24:00,start_subscription
2433,179,2023-09-03 14:33:00,view_offering
2434,179,2023-09-03 14:39:00,view_offering
2435,179,2023-09-03 14:59:00,start_subscription
2436,179,2023-09-03 15:10:00,message_support
2437,180,2022-01-04 13:23:00,open_document
2438,180,2022-02-20 14:04:00,message_support
2439,180,2022-02-20 14:16:00,open_document
2440,180,2022-04-09 18:02:00,open_document
2441,180,2022-04-09 18:16:00,message_support
2442,180,2022-04-09 18:21:00,login
2443,180,2022-04-09 18:40:00,view_offering
2444,180,2022-04-09 18:45:00,open_document
2445,180,2022-04-09 19:01:00,login
2446,180,2022-04-09 19:24:00,message_support
2447,180,2022-04-13 02:03:00,start_subscription
2448,180,2022-05-12 10:14:00,open_document
2449,180,2022-05-12 10:16:00,start_subscription
2450,180,2022-05-12 10:22:00,view_offering
2451,181,2024-05-15 13:17:00,view_offering
2452,181,2024-05-15 13:35:00,message_support
2453,181,2024-06-26 21:09:00,login
2454,181,2024-06-26 21:11:00,login
2455,181,2024-06-26 21:27:00,message_support
2456,181,2024-06-26 21:48:00,message_support
2457,181,2024-06-26 21:54:00,view_offering
2458,181,2024-06-26 22:17:00,open_document
2459,181,2024-06-26 22:40:00,start_subscription
2460,182,2024-10-09 08:03:00,start_subscription
2461,182,2024-10-09 08:21:00,open_document
2462,182,2024-10-09 08:22:00,start_subscription
2463,182,2024-10-09 08:25:00,login
2464,182,2024-11-23 13:23:00,login
2465,182,2024-11-23 13:26:00,login
2466,182,2024-11-23 13:45:00,open_document
2467,182,2024-11-23 13:46:00,message_support
2468,182,2024-11-23 13:52:00,start_subscription
2469,182,2024-11-23 13:56:00,login
2470,183,2024-02-18 12:24:00,login
2471,183,2024-04-05 12:15:00,login
2472,183,2024-04-05 12:34:00,view_offering
2473,183,2024-04-05 12:41:00,login
2474,183,2024-04-05 12:43:00,start_subscription
2475,183,2024-04-05 12:46:00,start_subscription
2476,183,2024-04-05 13:05:00,open_document
2477,183,2024-04-05 13:27:00,login
2478,183,2024-04-06 16:23:00,login
2479,183,2024-04-06 16:40:00,message_support
2480,183,2024-04-06 16:50:00,message_support
2481,184,2024-09-12 17:08:00,view_offering
2482,184,2024-09-12 17:27:00,message_support
2483,184,2024-09-12 17:42:00,start_subscription
2484,184,2024-11-27 22:07:00,start_subscription
2485,184,2024-11-27 22:19:00,view_offering
2486,184,2024-11-27 22:39:00,open_document
2487,184,2024-11-27 22:48:00,start_subscription
2488,184,2024-11-27 23:13:00,login
2489,184,2025-01-20 06:20:00,message_support
2490,184,2025-02-08 10:10:00,message_support
2491,184,2025-02-08 10:13:00,view_offering
2492,184,2025-02-18 07:11:00,login
2493,184,2025-02-18 07:16:00,open_document
2494,184,2025-02-18 07:41:00,message_support
2495,184,2025-05-14 13:08:00,view_offering
2496,184,2025-05-14 13:11:00,start_subscription
2497,184,2025-05-14 13:21:00,view_offering
2498,184,2025-05-14 13:45:00,open_document
2499,185,2023-04-01 14:08:00,open_document
2500,185,2023-04-01 14:13:00,start_subscription
2501,185,2023-04-01 14:30:00,login
2502,185,2023-04-01 14:43:00,open_document
2503,185,2023-04-01 15:01:00,start_subscription
2504,185,2023-04-01 15:03:00,start_subscription
2505,185,2023-04-01 15:18:00,view_offering
2506,185,2023-06-16 19:23:00,open_document
2507,185,2023-06-16 19:33:00,message_support
2508,185,2023-08-20 19:10:00,view_offering
2509,185,2023-08-20 19:21:00,view_offering
2510,185,2023-08-20 19:34:00,open_document
2511,185,2023-08-20 19:47:00,view_offering
2512,185,2023-08-20 20:05:00,login
2513,185,2023-10-02 21:15:00,start_subscription
2514,186,2022-09-05 12:15:00,message_support
2515,186,2022-09-05 12:26:00,open_document
2516,186,2022-09-05 12:29:00,open_document
2517,186,2022-10-26 11:19:00,view_offering
2518,186,2022-10-26 11:43:00,login
2519,186,2023-01-11 08:11:00,open_document
2520,186,2023-01-11 08:15:00,login
2521,186,2023-01-11 08:31:00,open_document
2522,186,2023-01-11 08:55:00,login
2523,186,2023-01-11 09:17:00,message_support
2524,187,2021-02-16 07:04:00,start_subscription
2525,188,2023-12-04 07:22:00,login
2526,188,2023-12-04 07:27:00,open_document
2527,188,2023-12-04 07:37:00,start_subscription
2528,188,2023-12-04 07:59:00,start_subscription
2529,188,2023-12-04 08:01:00,view_offering
2530,188,2023-12-26 14:13:00,message_support
2531,188,2024-02-12 14:09:00,login
2532,188,2024-02-12 14:31:00,view_offering
2533,188,2024-02-12 14:32:00,login
2534,188,2024-05-08 13:15:00,open_document
2535,188,2024-05-08 13:34:00,open_document
2536,188,2024-05-16 10:14:00,login
2537,188,2024-05-16 10:17:00,open_document
2538,189,2022-05-08 09:24:00,view_offering
2539,189,2022-05-08 09:36:00,message_support
2540,189,2022-05-08 09:45:00,start_subscription
2541,189,2022-05-08 10:06:00,message_support
2542,189,2022-05-08 10:17:00,login
2543,189,2022-05-08 10:32:00,open_document
2544,189,2022-05-08 10:34:00,start_subscription
2545,190,2021-09-13 17:05:00,start_subscription
2546,190,2021-09-13 17:25:00,message_support
2547,191,2024-05-17 17:19:00,open_document
2548,191,2024-05-17 17:40:00,login
2549,191,2024-05-17 17:48:00,login
2550,191,2024-05-17 17:50:00,login
2551,191,2024-05-17 18:03:00,open_document
2552,191,2024-05-17 18:25:00,message_support
2553,192,2022-03-27 17:07:00,message_support
2554,192,2022-04-12 14:12:00,view_offering
2555,192,2022-04-12 14:14:00,view_offering
2556,192,2022-04-12 14:28:00,login
2557,193,2022-09-30 17:10:00,login
2558,193,2022-09-30 17:13:00,message_support
2559,193,2022-09-30 17:23:00,message_support
2560,193,2022-09-30 17:27:00,view_offering
2561,193,2022-09-30 17:48:00,open_document
2562,193,2022-09-30 18:08:00,message_support
2563,193,2022-09-30 18:14:00,message_support
2564,193,2022-11-15 19:25:00,view_offering
2565,193,2022-11-15 19:37:00,message_support
2566,193,2022-11-15 19:48:00,view_offering
2567,193,2022-11-15 19:50:00,open_document
2568,193,2022-11-15 20:03:00,login
2569,193,2022-11-15 20:05:00,login
2570,193,2022-11-15 20:19:00,start_subscription
2571,193,2023-01-28 01:21:00,login
2572,193,2023-03-20 07:18:00,login
2573,193,2023-03-20 07:21:00,message_support
2574,193,2023-03-20 07:34:00,start_subscription
2575,193,2023-03-20 07:50:00,open_document
2576,193,2023-03-26 15:16:00,message_support
2577,193,2023-03-26 15:25:00,view_offering
2578,194,2022-12-23 16:19:00,open_document
2579,194,2022-12-23 16:29:00,message_support
2580,194,2023-03-23 18:08:00,login
2581,194,2023-03-23 18:09:00,start_subscription
2582,194,2023-03-23 18:25:00,start_subscription
2583,194,2023-03-23 18:38:00,view_offering
2584,194,2023-03-23 18:49:00,open_document
2585,194,2023-03-23 18:50:00,view_offering
2586,194,2023-03-23 18:56:00,open_document
2587,194,2023-03-25 16:07:00,start_subscription
2588,194,2023-03-25 16:18:00,open_document
2589,194,2023-03-25 16:23:00,start_subscription
2590,194,2023-03-25 16:29:00,open_document
2591,194,2023-04-08 20:09:00,view_offering
2592,194,2023-04-08 20:28:00,login
2593,194,2023-04-08 20:49:00,view_offering
2594,194,2023-04-08 21:11:00,message_support
2595,194,2023-04-08 21:34:00,view_offering
2596,194,2023-05-07 20:11:00,login
2597,194,2023-05-07 20:14:00,login
2598,194,2023-05-07 20:38:00,login
2599,194,2023-07-20 17:14:00,login
2600,194,2023-07-20 17:26:00,view_offering
2601,194,2023-07-20 17:27:00,message_support
2602,194,2023-07-20 17:45:00,start_subscription
2603,194,2023-07-20 18:02:00,open_document
2604,194,2023-07-20 18:10:00,login
2605,195,2024-10-28 07:13:00,start_subscription
2606,195,2024-10-28 07:21:00,view_offering
2607,195,2024-10-28 07:41:00,login
2608,195,2024-10-28 07:51:00,open_document
2609,195,2024-12-26 09:19:00,message_support
2610,195,2024-12-26 09:37:00,start_subscription
2611,195,2024-12-26 09:48:00,message_support
2612,195,2024-12-26 09:54:00,login
2613,195,2024-12-26 10:00:00,message_support
2614,195,2024-12-26 10:24:00,message_support
2615,195,2024-12-26 10:49:00,start_subscription
2616,196,2021-07-26 12:08:00,view_offering
2617,196,2021-09-18 19:06:00,login
2618,196,2021-09-18 19:29:00,view_offering
2619,196,2021-09-18 19:44:00,open_document
2620,196,2021-09-18 19:56:00,message_support
2621,196,2021-09-18 20:02:00,login
2622,196,2021-09-18 20:11:00,start_subscription
2623,196,2021-09-18 20:26:00,login
2624,196,2021-12-17 01:01:00,start_subscription
2625,196,2021-12-17 01:05:00,login
2626,197,2024-10-30 09:25:00,message_support
2627,197,2024-10-30 09:26:00,view_offering
2628,197,2024-10-30 09:33:00,start_subscription
2629,197,2024-10-30 09:56:00,view_offering
2630,197,2024-10-30 10:00:00,message_support
2631,197,2024-10-30 10:24:00,view_offering
2632,197,2024-11-08 11:04:00,message_support
2633,197,2024-11-08 11:23:00,start_subscription
2634,197,2024-11-08 11:47:00,login
2635,197,2024-11-08 12:09:00,open_document
2636,197,2024-11-08 12:28:00,login
2637,197,2025-01-03 09:04:00,message_support
2638,197,2025-01-03 09:18:00,view_offering
2639,197,2025-01-03 09:36:00,open_document
2640,197,2025-01-03 09:47:00,message_support
2641,197,2025-01-03 10:05:00,login
2642,197,2025-01-03 10:29:00,message_support
2643,197,2025-01-03 10:40:00,message_support
2644,198,2024-12-13 17:06:00,login
2645,198,2024-12-13 17:19:00,message_support
2646,198,2024-12-13 17:36:00,login
2647,198,2024-12-13 17:59:00,login
2648,198,2025-01-26 17:18:00,message_support
2649,198,2025-01-26 17:25:00,login
2650,198,2025-01-26 17:43:00,start_subscription
2651,198,2025-01-26 18:03:00,view_offering
2652,198,2025-04-02 23:06:00,message_support
2653,198,2025-04-02 23:15:00,open_document
2654,198,2025-04-02 23:25:00,login
2655,198,2025-04-02 23:47:00,login
2656,198,2025-06-07 22:24:00,start_subscription
2657,198,2025-06-07 22:30:00,login
2658,198,2025-06-14 21:07:00,message_support
2659,198,2025-06-14 21:17:00,message_support
2660,198,2025-06-14 21:22:00,view_offering
2661,198,2025-06-14 21:27:00,view_offering
2662,198,2025-06-14 21:29:00,open_document
2663,198,2025-06-26 22:16:00,open_document
2664,198,2025-06-26 22:37:00,view_offering
2665,198,2025-06-26 23:01:00,view_offering
2666,199,2024-10-26 17:03:00,start_subscription
2667,199,2024-12-12 23:23:00,view_offering
2668,199,2024-12-12 23:46:00,login
2669,199,2024-12-13 00:08:00,view_offering
2670,199,2024-12-13 00:32:00,login
2671,199,2024-12-13 00:37:00,login
2672,199,2025-03-04 23:09:00,view_offering
2673,199,2025-04-02 22:23:00,start_subscription
2674,199,2025-04-02 22:39:00,open_document
2675,199,2025-04-20 06:08:00,open_document
2676,199,2025-05-15 03:25:00,view_offering
2677,199,2025-05-15 03:42:00,login
2678,199,2025-05-15 03:56:00,open_document
2679,199,2025-05-15 03:58:00,start_subscription
2680,199,2025-05-15 04:07:00,start_subscription
2681,199,2025-05-15 04:14:00,login
2682,199,2025-05-15 04:36:00,login
2683,200,2023-07-03 09:15:00,start_subscription
2684,200,2023-07-03 09:30:00,open_document
2685,200,2023-07-03 09:43:00,message_support
2686,200,2023-07-03 09:47:00,message_support
2687,200,2023-07-03 10:05:00,view_offering
2688,200,2023-07-03 10:10:00,login
2689,200,2023-07-03 10:32:00,login
2690,200,2023-09-25 08:03:00,start_subscription
2691,200,2023-09-25 08:25:00,login
2692,200,2023-09-25 08:41:00,open_document
2693,200,2023-09-25 08:54:00,message_support
2694,200,2023-09-25 08:56:00,view_offering
2695,200,2023-12-09 16:07:00,login
2696,200,2023-12-09 16:08:00,open_document
2697,200,2023-12-09 16:16:00,message_support
2698,200,2023-12-09 16:25:00,login
2699,200,2023-12-09 16:45:00,start_subscription
