transaction_id,investor_id,fund_id,txn_date,txn_type,amount
1328,69,17,2021-04-07,subscription,250000
144,8,17,2021-04-22,subscription,25000
1249,65,20,2021-05-24,subscription,10000
2896,157,22,2021-05-30,subscription,100000
164,8,10,2021-06-25,subscription,50000
1333,69,17,2021-07-07,fee,2500
2897,157,22,2021-07-08,capital_call,25000
2967,160,10,2021-07-09,subscription,100000
2239,116,22,2021-07-20,subscription,50000
582,29,22,2021-07-24,subscription,100000
1250,65,20,2021-07-29,capital_call,5000
1329,69,17,2021-08-04,capital_call,62500
3093,166,9,2021-08-09,subscription,10000
1103,54,22,2021-08-10,subscription,25000
2898,157,22,2021-08-19,capital_call,25000
145,8,17,2021-08-28,capital_call,6250
583,29,22,2021-09-05,capital_call,33333
1251,65,20,2021-09-11,capital_call,5000
3167,171,10,2021-09-13,subscription,100000
1330,69,17,2021-09-16,capital_call,62500
866,43,1,2021-09-20,subscription,250000
157,8,1,2021-09-22,subscription,100000
165,8,10,2021-09-22,capital_call,10000
136,7,17,2021-09-30,subscription,100000
2137,111,17,2021-10-07,subscription,10000
3028,162,1,2021-10-08,subscription,250000
1094,54,9,2021-10-12,subscription,10000
1104,54,22,2021-10-17,capital_call,5000
2901,157,22,2021-10-17,fee,1000
3094,166,9,2021-10-18,capital_call,2500
1305,69,1,2021-10-19,subscription,100000
1331,69,17,2021-10-21,capital_call,62500
3170,171,10,2021-10-25,fee,1000
3168,171,10,2021-10-28,capital_call,50000
858,43,17,2021-10-29,subscription,100000
1765,92,15,2021-11-02,subscription,100000
2142,111,10,2021-11-04,subscription,250000
2968,160,10,2021-11-10,capital_call,20000
1755,92,9,2021-11-12,subscription,250000
3029,162,1,2021-11-13,capital_call,50000
2240,116,22,2021-11-18,capital_call,10000
1105,54,22,2021-11-26,capital_call,5000
2757,146,1,2021-11-26,subscription,50000
146,8,17,2021-11-28,capital_call,6250
1306,69,1,2021-11-28,capital_call,33333
2899,157,22,2021-11-28,capital_call,25000
590,29,1,2021-11-29,subscription,25000
3278,177,1,2021-12-05,subscription,10000
867,43,1,2021-12-09,capital_call,62500
2138,111,17,2021-12-11,capital_call,3333
158,8,1,2021-12-13,capital_call,50000
3288,178,22,2021-12-13,subscription,50000
586,29,22,2021-12-14,fee,1000
2333,119,9,2021-12-20,subscription,250000
2143,111,10,2021-12-27,capital_call,50000
3314,180,15,2022-01-01,subscription,10000
2749,146,9,2022-01-02,subscription,10000
2900,157,22,2022-01-04,capital_call,25000
3095,166,9,2022-01-07,capital_call,2500
1698,90,20,2022-01-09,subscription,100000
1766,92,15,2022-01-09,capital_call,20000
3058,165,9,2022-01-13,subscription,250000
137,7,17,2022-01-14,capital_call,33333
1760,92,9,2022-01-16,fee,2500
2758,146,1,2022-01-20,capital_call,10000
147,8,17,2022-01-21,capital_call,6250
3030,162,1,2022-01-24,capital_call,50000
1011,49,8,2022-01-25,subscription,100000
166,8,10,2022-01-28,capital_call,10000
584,29,22,2022-01-30,capital_call,33333
1721,91,9,2022-02-01,subscription,100000
1704,90,20,2022-02-02,fee,1000
3296,178,1,2022-02-02,subscription,50000
3169,171,10,2022-02-05,capital_call,50000
3279,177,1,2022-02-06,capital_call,3333
115,6,20,2022-02-07,subscription,250000
2436,125,1,2022-02-07,subscription,50000
1767,92,15,2022-02-09,capital_call,20000
1743,91,14,2022-02-11,subscription,100000
595,29,14,2022-02-12,subscription,100000
170,8,10,2022-02-14,fee,500
1106,54,22,2022-02-14,capital_call,5000
1095,54,9,2022-02-15,capital_call,3333
859,43,17,2022-02-16,capital_call,25000
1307,69,1,2022-02-24,capital_call,33333
2744,145,10,2022-02-24,subscription,50000
3031,162,1,2022-02-24,capital_call,50000
159,8,1,2022-02-27,capital_call,50000
2514,130,22,2022-03-01,subscription,250000
3549,192,14,2022-03-01,subscription,50000
1699,90,20,2022-03-05,capital_call,20000
202,10,8,2022-03-06,subscription,250000
1451,75,23,2022-03-12,subscription,50000
3315,180,15,2022-03-12,capital_call,2000
585,29,22,2022-03-13,capital_call,33333
1332,69,17,2022-03-14,capital_call,62500
959,47,14,2022-03-18,subscription,100000
1012,49,8,2022-03-18,capital_call,25000
3098,166,9,2022-03-18,fee,100
648,32,10,2022-03-19,subscription,50000
148,8,17,2022-03-20,capital_call,6250
1771,92,15,2022-03-20,fee,1000
1254,65,23,2022-03-21,subscription,10000
2750,146,9,2022-03-21,capital_call,2500
3631,196,8,2022-03-22,subscription,10000
2969,160,10,2022-03-23,capital_call,20000
868,43,1,2022-03-24,capital_call,62500
591,29,1,2022-03-26,capital_call,6250
2122,110,20,2022-03-26,subscription,10000
3272,177,23,2022-03-26,subscription,100000
2745,145,10,2022-03-28,capital_call,16667
785,39,23,2022-04-01,subscription,25000
2425,125,13,2022-04-01,subscription,10000
167,8,10,2022-04-04,capital_call,10000
1074,54,23,2022-04-06,subscription,50000
1407,73,13,2022-04-06,subscription,100000
1756,92,9,2022-04-07,capital_call,62500
2158,112,17,2022-04-07,subscription,100000
2523,130,20,2022-04-07,subscription,10000
3032,162,1,2022-04-08,capital_call,50000
1260,65,23,2022-04-11,fee,100
1744,91,14,2022-04-11,capital_call,25000
149,8,17,2022-04-12,distribution,7995
2144,111,10,2022-04-12,capital_call,50000
2768,146,23,2022-04-13,subscription,50000
2241,116,22,2022-04-14,capital_call,10000
2840,152,9,2022-04-14,subscription,10000
2334,119,9,2022-04-15,capital_call,125000
6,2,15,2022-04-16,subscription,100000
2217,114,10,2022-04-20,subscription,100000
75,4,1,2022-04-22,subscription,25000
1700,90,20,2022-04-22,capital_call,20000
3550,192,14,2022-04-22,capital_call,12500
2759,146,1,2022-04-23,capital_call,10000
3102,166,23,2022-04-23,subscription,100000
3297,178,1,2022-04-23,capital_call,25000
86,4,20,2022-04-24,subscription,100000
1736,91,1,2022-04-26,subscription,10000
1049,51,23,2022-04-27,subscription,10000
2139,111,17,2022-04-27,capital_call,3333
2245,116,22,2022-04-27,fee,500
3289,178,22,2022-04-30,capital_call,10000
596,29,14,2022-05-01,capital_call,20000
2437,125,1,2022-05-01,capital_call,12500
2922,157,13,2022-05-04,subscription,250000
1159,60,14,2022-05-05,subscription,50000
1748,91,14,2022-05-06,fee,1000
116,6,20,2022-05-07,capital_call,50000
2141,111,17,2022-05-07,fee,100
3472,187,13,2022-05-07,subscription,25000
2818,151,23,2022-05-09,subscription,100000
2537,131,10,2022-05-12,subscription,250000
3565,192,8,2022-05-13,subscription,25000
138,7,17,2022-05-14,capital_call,33333
3096,166,9,2022-05-15,capital_call,2500
2335,119,9,2022-05-16,capital_call,125000
3138,169,10,2022-05-16,subscription,10000
1075,54,23,2022-05-18,capital_call,16667
1383,72,23,2022-05-18,subscription,50000
1473,77,14,2022-05-20,subscription,250000
1308,69,1,2022-05-21,capital_call,33333
123,7,23,2022-05-22,subscription,25000
3551,192,14,2022-05-23,capital_call,12500
203,10,8,2022-05-24,capital_call,125000
3632,196,8,2022-05-24,capital_call,3333
2145,111,10,2022-05-26,capital_call,50000
1452,75,23,2022-05-29,capital_call,10000
601,29,14,2022-05-30,fee,1000
2126,110,10,2022-05-30,subscription,25000
2140,111,17,2022-05-30,capital_call,3333
2438,125,1,2022-05-31,capital_call,12500
1120,56,14,2022-06-04,subscription,25000
3059,165,9,2022-06-06,capital_call,62500
1990,103,14,2022-06-07,subscription,25000
1344,70,9,2022-06-10,subscription,100000
2114,110,23,2022-06-10,subscription,10000
1745,91,14,2022-06-11,capital_call,25000
3506,189,15,2022-06-13,subscription,250000
1096,54,9,2022-06-14,capital_call,3333
2917,157,23,2022-06-15,subscription,50000
1737,91,1,2022-06-16,capital_call,3333
3298,178,1,2022-06-16,capital_call,25000
641,32,1,2022-06-17,subscription,10000
860,43,17,2022-06-17,capital_call,25000
1768,92,15,2022-06-17,capital_call,20000
76,4,1,2022-06-18,capital_call,6250
1013,49,8,2022-06-18,capital_call,25000
1757,92,9,2022-06-20,capital_call,62500
1997,103,8,2022-06-21,subscription,25000
1050,51,23,2022-06-22,capital_call,2500
1722,91,9,2022-06-22,capital_call,33333
2515,130,22,2022-06-22,capital_call,125000
1076,54,23,2022-06-23,capital_call,16667
655,32,14,2022-06-25,subscription,250000
1870,98,14,2022-06-25,subscription,25000
3476,187,13,2022-06-25,fee,250
2242,116,22,2022-06-27,capital_call,10000
663,32,13,2022-06-28,subscription,25000
3265,177,13,2022-06-30,subscription,50000
1283,67,14,2022-07-01,subscription,250000
477,25,22,2022-07-02,subscription,250000
2751,146,9,2022-07-02,capital_call,2500
17,2,17,2022-07-03,subscription,50000
2544,132,14,2022-07-03,subscription,50000
2746,145,10,2022-07-04,capital_call,16667
3566,192,8,2022-07-04,capital_call,6250
962,47,14,2022-07-05,fee,1000
3097,166,9,2022-07-05,capital_call,2500
3280,177,1,2022-07-05,capital_call,3333
1107,54,22,2022-07-09,capital_call,5000
1054,51,23,2022-07-11,fee,100
2950,159,22,2022-07-11,subscription,100000
960,47,14,2022-07-12,capital_call,50000
869,43,1,2022-07-13,capital_call,62500
2841,152,9,2022-07-13,capital_call,2000
3473,187,13,2022-07-13,capital_call,8333
1852,97,17,2022-07-15,subscription,25000
1408,73,13,2022-07-16,capital_call,25000
1165,60,13,2022-07-17,subscription,50000
2123,110,20,2022-07-21,capital_call,5000
3290,178,22,2022-07-21,capital_call,10000
124,7,23,2022-07-22,capital_call,12500
1014,49,8,2022-07-22,capital_call,25000
2769,146,23,2022-07-24,capital_call,25000
3060,165,9,2022-07-25,capital_call,62500
3033,162,1,2022-07-27,capital_call,50000
1348,70,20,2022-07-28,subscription,25000
2923,157,13,2022-07-28,capital_call,62500
1479,77,14,2022-07-29,fee,2500
7,2,15,2022-08-02,capital_call,33333
140,7,17,2022-08-02,fee,1000
1160,60,14,2022-08-02,capital_call,16667
3316,180,15,2022-08-02,capital_call,2000
2218,114,10,2022-08-03,capital_call,20000
2524,130,20,2022-08-05,capital_call,2000
2243,116,22,2022-08-07,capital_call,10000
592,29,1,2022-08-08,capital_call,6250
597,29,14,2022-08-09,capital_call,20000
1221,63,10,2022-08-09,subscription,250000
2127,110,10,2022-08-10,capital_call,8333
2538,131,10,2022-08-10,capital_call,83333
3266,177,13,2022-08-10,capital_call,16667
168,8,10,2022-08-11,capital_call,10000
1723,91,9,2022-08-12,capital_call,33333
2760,146,1,2022-08-12,capital_call,10000
3552,192,14,2022-08-12,capital_call,12500
3576,193,10,2022-08-12,subscription,100000
812,41,13,2022-08-13,subscription,50000
1123,56,14,2022-08-14,fee,250
1255,65,23,2022-08-14,capital_call,2000
2159,112,17,2022-08-14,capital_call,25000
2419,124,9,2022-08-14,subscription,100000
3273,177,23,2022-08-14,capital_call,50000
786,39,23,2022-08-15,capital_call,6250
1991,103,14,2022-08-15,capital_call,5000
649,32,10,2022-08-16,capital_call,12500
1453,75,23,2022-08-17,capital_call,10000
2970,160,10,2022-08-17,capital_call,20000
50,4,22,2022-08-18,subscription,50000
573,29,2,2022-08-18,subscription,25000
117,6,20,2022-08-19,capital_call,50000
2246,116,22,2022-08-21,distribution,8961
2962,159,1,2022-08-21,subscription,50000
3071,165,2,2022-08-21,subscription,50000
1051,51,23,2022-08-22,capital_call,2500
2956,159,22,2022-08-22,fee,1000
820,42,23,2022-08-23,subscription,100000
3103,166,23,2022-08-23,capital_call,25000
2426,125,13,2022-08-27,capital_call,3333
1998,103,8,2022-08-29,capital_call,8333
1015,49,8,2022-09-01,capital_call,25000
1701,90,20,2022-09-01,capital_call,20000
1412,73,13,2022-09-03,fee,1000
2819,151,23,2022-09-03,capital_call,20000
1738,91,1,2022-09-04,capital_call,3333
8,2,15,2022-09-06,capital_call,33333
664,32,13,2022-09-06,capital_call,5000
2941,159,9,2022-09-06,subscription,250000
1874,98,14,2022-09-07,fee,250
3633,196,8,2022-09-08,capital_call,3333
1474,77,14,2022-09-09,capital_call,50000
2439,125,1,2022-09-09,capital_call,12500
1769,92,15,2022-09-10,capital_call,20000
87,4,20,2022-09-11,capital_call,50000
1077,54,23,2022-09-11,capital_call,16667
1109,54,22,2022-09-11,distribution,5179
1856,97,13,2022-09-11,subscription,250000
3294,178,22,2022-09-12,fee,500
2747,145,10,2022-09-13,capital_call,16667
2566,133,2,2022-09-14,subscription,25000
222,11,2,2022-09-15,subscription,10000
1345,70,9,2022-09-15,capital_call,50000
2249,116,2,2022-09-15,subscription,10000
1252,65,20,2022-09-16,distribution,2331
2763,146,1,2022-09-16,fee,500
1409,73,13,2022-09-17,capital_call,25000
961,47,14,2022-09-18,capital_call,50000
861,43,17,2022-09-19,capital_call,25000
1758,92,9,2022-09-19,capital_call,62500
2752,146,9,2022-09-19,capital_call,2500
2966,159,1,2022-09-20,fee,500
485,26,13,2022-09-21,subscription,50000
2516,130,22,2022-09-21,capital_call,125000
1166,60,13,2022-09-23,capital_call,12500
2764,146,1,2022-09-24,distribution,19934
3291,178,22,2022-09-24,capital_call,10000
3644,196,2,2022-09-24,subscription,50000
150,8,17,2022-09-25,distribution,7713
3453,186,1,2022-09-26,subscription,100000
642,32,1,2022-09-28,capital_call,3333
1222,63,10,2022-09-29,capital_call,62500
2754,146,9,2022-09-29,fee,100
895,45,2,2022-09-30,subscription,50000
2124,110,20,2022-10-01,capital_call,5000
761,37,15,2022-10-02,subscription,25000
1384,72,23,2022-10-02,capital_call,16667
3107,166,23,2022-10-03,fee,1000
1871,98,14,2022-10-04,capital_call,8333
1266,66,9,2022-10-06,subscription,25000
3139,169,10,2022-10-06,capital_call,2000
3507,189,15,2022-10-06,capital_call,62500
3554,192,14,2022-10-06,fee,500
454,25,23,2022-10-07,subscription,25000
1097,54,9,2022-10-07,capital_call,3333
2427,125,13,2022-10-07,capital_call,3333
2827,151,4,2022-10-07,subscription,25000
2951,159,22,2022-10-07,capital_call,20000
1098,54,9,2022-10-09,fee,100
1161,60,14,2022-10-09,capital_call,16667
1256,65,23,2022-10-09,capital_call,2000
3570,192,7,2022-10-09,subscription,50000
51,4,22,2022-10-10,capital_call,25000
1996,103,14,2022-10-10,fee,250
139,7,17,2022-10-11,capital_call,33333
204,10,8,2022-10-12,capital_call,125000
1841,97,1,2022-10-12,subscription,25000
1746,91,14,2022-10-13,capital_call,25000
2146,111,10,2022-10-13,capital_call,50000
3324,180,4,2022-10-13,subscription,250000
787,39,23,2022-10-15,capital_call,6250
1272,66,15,2022-10-15,subscription,50000
1853,97,17,2022-10-15,capital_call,12500
3281,177,1,2022-10-15,capital_call,3333
650,32,10,2022-10-16,capital_call,12500
2545,132,14,2022-10-16,capital_call,10000
2571,133,2,2022-10-16,fee,250
2727,143,13,2022-10-16,subscription,50000
18,2,17,2022-10-17,capital_call,10000
968,47,4,2022-10-17,subscription,25000
1739,91,1,2022-10-17,capital_call,3333
1857,97,13,2022-10-17,capital_call,62500
495,26,22,2022-10-18,subscription,25000
3232,175,8,2022-10-18,subscription,100000
3274,177,23,2022-10-18,capital_call,50000
2115,110,23,2022-10-20,capital_call,3333
2963,159,1,2022-10-20,capital_call,16667
587,29,22,2022-10-22,distribution,32823
2465,127,15,2022-10-23,subscription,100000
2539,131,10,2022-10-23,capital_call,83333
3567,192,8,2022-10-23,capital_call,6250
77,4,1,2022-10-24,capital_call,6250
2160,112,17,2022-10-24,capital_call,25000
2219,114,10,2022-10-24,capital_call,20000
141,7,17,2022-10-25,distribution,29599
1334,70,4,2022-10-25,subscription,10000
2971,160,10,2022-10-25,capital_call,20000
3518,190,4,2022-10-25,subscription,100000
80,4,1,2022-10-26,fee,250
727,36,4,2022-10-26,subscription,100000
1749,91,14,2022-10-27,distribution,28224
2315,119,2,2022-10-27,subscription,100000
169,8,10,2022-10-28,capital_call,10000
665,32,13,2022-10-28,capital_call,5000
1241,64,2,2022-10-28,subscription,10000
2205,113,10,2022-10-29,subscription,25000
3157,170,17,2022-10-29,subscription,250000
989,48,1,2022-10-30,subscription,250000
1121,56,14,2022-10-30,capital_call,12500
195,10,2,2022-10-31,subscription,25000
1130,57,9,2022-11-01,subscription,50000
2134,111,2,2022-11-01,subscription,50000
1410,73,13,2022-11-02,capital_call,25000
1017,49,8,2022-11-03,distribution,37126
2820,151,23,2022-11-03,capital_call,20000
3320,180,15,2022-11-03,distribution,2638
656,32,14,2022-11-04,capital_call,50000
3474,187,13,2022-11-04,capital_call,8333
813,41,13,2022-11-05,capital_call,16667
2213,113,20,2022-11-05,subscription,50000
1223,63,10,2022-11-06,capital_call,62500
598,29,14,2022-11-07,capital_call,20000
676,33,13,2022-11-07,subscription,10000
767,37,15,2022-11-07,fee,250
322,15,1,2022-11-08,subscription,10000
1385,72,23,2022-11-08,capital_call,16667
2440,125,1,2022-11-08,capital_call,12500
2906,157,7,2022-11-08,subscription,100000
3292,178,22,2022-11-08,capital_call,10000
2172,112,7,2022-11-09,subscription,10000
1284,67,14,2022-11-10,capital_call,50000
2561,133,4,2022-11-10,subscription,250000
2918,157,23,2022-11-10,capital_call,12500
2525,130,20,2022-11-11,capital_call,2000
2957,159,7,2022-11-11,subscription,250000
486,26,13,2022-11-12,capital_call,25000
863,43,17,2022-11-12,fee,1000
762,37,15,2022-11-14,capital_call,5000
1725,91,9,2022-11-14,distribution,10670
2842,152,9,2022-11-14,capital_call,2000
2973,160,10,2022-11-14,distribution,11995
311,15,2,2022-11-16,subscription,100000
1280,66,2,2022-11-16,subscription,25000
870,43,1,2022-11-17,capital_call,62500
1297,69,2,2022-11-17,subscription,100000
223,11,2,2022-11-18,capital_call,2500
125,7,23,2022-11-19,capital_call,12500
993,48,13,2022-11-19,subscription,100000
2244,116,22,2022-11-19,capital_call,10000
88,4,20,2022-11-20,capital_call,50000
3140,169,10,2022-11-21,capital_call,2000
188,10,4,2022-11-23,subscription,250000
864,43,17,2022-11-25,distribution,15847
1108,54,22,2022-11-25,capital_call,5000
2441,125,1,2022-11-25,fee,500
3519,190,4,2022-11-25,capital_call,50000
118,6,20,2022-11-27,capital_call,50000
478,25,22,2022-11-28,capital_call,125000
1349,70,20,2022-11-28,capital_call,8333
2942,159,9,2022-11-28,capital_call,83333
2753,146,9,2022-11-29,capital_call,2500
3577,193,10,2022-11-29,capital_call,33333
1110,54,22,2022-12-01,distribution,9756
1636,87,17,2022-12-01,subscription,50000
1724,91,9,2022-12-01,capital_call,33333
538,28,22,2022-12-03,subscription,10000
2770,146,23,2022-12-03,capital_call,25000
3553,192,14,2022-12-03,capital_call,12500
1124,57,14,2022-12-04,subscription,100000
1353,70,7,2022-12-04,subscription,100000
2375,121,4,2022-12-04,subscription,50000
3063,165,9,2022-12-04,redemption,188995
3634,196,8,2022-12-05,capital_call,3333
2846,152,9,2022-12-06,fee,100
1131,57,9,2022-12-07,capital_call,16667
2771,146,23,2022-12-07,fee,500
1854,97,17,2022-12-08,capital_call,12500
3295,178,22,2022-12-08,distribution,7364
2905,157,22,2022-12-09,redemption,57179
78,4,1,2022-12-10,capital_call,6250
1253,65,20,2022-12-10,distribution,1753
2567,133,2,2022-12-10,capital_call,6250
496,26,22,2022-12-11,capital_call,6250
1002,48,22,2022-12-11,subscription,50000
2161,112,17,2022-12-11,capital_call,25000
2420,124,9,2022-12-11,capital_call,33333
3061,165,9,2022-12-11,capital_call,62500
3299,178,1,2022-12-11,fee,500
3325,180,4,2022-12-11,capital_call,50000
1122,56,14,2022-12-12,capital_call,12500
3158,170,17,2022-12-12,capital_call,50000
52,4,22,2022-12-13,capital_call,25000
599,29,14,2022-12-14,capital_call,20000
488,26,13,2022-12-15,fee,500
574,29,2,2022-12-16,capital_call,12500
2118,110,23,2022-12-17,fee,100
426,24,9,2022-12-18,subscription,100000
1052,51,23,2022-12-18,capital_call,2500
1475,77,14,2022-12-18,capital_call,50000
1747,91,14,2022-12-18,capital_call,25000
3317,180,15,2022-12-18,capital_call,2000
1016,49,8,2022-12-19,fee,1000
2924,157,13,2022-12-19,capital_call,62500
432,24,7,2022-12-20,subscription,250000
194,10,4,2022-12-21,fee,2500
1335,70,4,2022-12-21,capital_call,2000
1401,72,4,2022-12-21,subscription,50000
1411,73,13,2022-12-22,capital_call,25000
3267,177,13,2022-12-22,capital_call,16667
1234,63,4,2022-12-23,subscription,10000
2220,114,10,2022-12-23,capital_call,20000
3275,177,23,2022-12-23,fee,1000
593,29,1,2022-12-24,capital_call,6250
821,42,23,2022-12-24,capital_call,50000
2128,110,10,2022-12-24,capital_call,8333
2907,157,7,2022-12-24,capital_call,25000
3190,172,4,2022-12-24,subscription,250000
1170,60,13,2022-12-25,fee,500
1999,103,8,2022-12-25,capital_call,8333
3072,165,2,2022-12-26,capital_call,10000
3104,166,23,2022-12-26,capital_call,25000
1759,92,9,2022-12-27,capital_call,62500
2135,111,2,2022-12-27,capital_call,25000
3645,196,2,2022-12-27,capital_call,12500
728,36,4,2022-12-28,capital_call,50000
1135,57,13,2022-12-28,subscription,100000
1641,87,4,2022-12-28,subscription,100000
2761,146,1,2022-12-28,capital_call,10000
3282,178,7,2022-12-28,subscription,250000
2247,116,22,2022-12-29,distribution,19438
2316,119,2,2022-12-29,capital_call,20000
1454,75,23,2022-12-30,capital_call,10000
1457,75,23,2022-12-30,fee,500
189,10,4,2022-12-31,capital_call,50000
588,29,22,2022-12-31,distribution,18057
2983,160,4,2022-12-31,subscription,25000
1281,66,2,2023-01-01,capital_call,12500
1858,97,13,2023-01-01,capital_call,62500
2337,119,4,2023-01-01,subscription,50000
224,11,2,2023-01-02,capital_call,2500
643,32,1,2023-01-02,capital_call,3333
969,47,4,2023-01-02,capital_call,5000
1078,54,23,2023-01-02,fee,500
1702,90,20,2023-01-03,capital_call,20000
2505,130,7,2023-01-03,subscription,10000
56,4,21,2023-01-04,subscription,10000
2423,124,9,2023-01-05,fee,1000
3174,171,7,2023-01-06,subscription,25000
9,2,15,2023-01-07,capital_call,33333
1125,57,14,2023-01-07,capital_call,20000
2821,151,23,2023-01-07,capital_call,20000
2958,159,7,2023-01-07,capital_call,83333
3558,192,4,2023-01-07,subscription,250000
1992,103,14,2023-01-08,capital_call,5000
3578,193,10,2023-01-08,capital_call,33333
1439,75,7,2023-01-10,subscription,50000
2376,121,4,2023-01-10,capital_call,10000
2728,143,13,2023-01-10,capital_call,10000
2223,114,10,2023-01-11,fee,1000
1740,91,1,2023-01-13,fee,100
2765,146,1,2023-01-13,distribution,16581
1637,87,17,2023-01-14,capital_call,12500
2540,131,10,2023-01-14,capital_call,83333
2828,151,4,2023-01-15,capital_call,6250
666,32,13,2023-01-16,capital_call,5000
1346,70,9,2023-01-17,capital_call,50000
1468,77,7,2023-01-17,subscription,250000
1167,60,13,2023-01-18,capital_call,12500
2073,109,15,2023-01-18,subscription,250000
3219,175,22,2023-01-19,subscription,25000
1770,92,15,2023-01-20,capital_call,20000
126,7,23,2023-01-21,fee,250
1062,52,16,2023-01-21,subscription,100000
1434,75,4,2023-01-21,subscription,100000
3454,186,1,2023-01-21,capital_call,20000
19,2,17,2023-01-22,capital_call,10000
1242,64,2,2023-01-22,capital_call,2000
2186,113,8,2023-01-22,subscription,50000
3521,190,4,2023-01-22,fee,1000
196,10,2,2023-01-23,capital_call,6250
1226,63,10,2023-01-24,fee,2500
3571,192,7,2023-01-24,capital_call,25000
862,43,17,2023-01-25,capital_call,25000
1053,51,23,2023-01-25,capital_call,2500
2952,159,22,2023-01-25,capital_call,20000
3191,172,4,2023-01-25,capital_call,83333
3334,180,21,2023-01-25,subscription,10000
323,15,1,2023-01-26,capital_call,2500
1079,54,23,2023-01-26,distribution,4033
1476,77,14,2023-01-26,capital_call,50000
3159,170,17,2023-01-26,capital_call,50000
3520,190,4,2023-01-26,capital_call,50000
1018,49,8,2023-01-27,distribution,33226
835,42,16,2023-01-28,subscription,10000
2233,116,21,2023-01-28,subscription,25000
1842,97,1,2023-01-29,capital_call,12500
2529,130,20,2023-01-29,distribution,3622
151,8,17,2023-01-30,distribution,1580
1003,48,22,2023-01-30,capital_call,16667
1056,52,14,2023-01-30,subscription,100000
553,28,7,2023-01-31,subscription,50000
455,25,23,2023-02-01,capital_call,8333
994,48,13,2023-02-01,capital_call,20000
1764,92,9,2023-02-01,redemption,120380
3233,175,8,2023-02-01,capital_call,25000
594,29,1,2023-02-02,capital_call,6250
1162,60,14,2023-02-02,capital_call,16667
2250,116,2,2023-02-02,capital_call,2500
575,29,2,2023-02-03,capital_call,12500
1247,64,2,2023-02-03,fee,100
2919,157,23,2023-02-03,capital_call,12500
1257,65,23,2023-02-04,capital_call,2000
2428,125,13,2023-02-04,capital_call,3333
2562,133,4,2023-02-04,capital_call,83333
2843,152,9,2023-02-04,capital_call,2000
3163,170,17,2023-02-04,fee,2500
3226,175,4,2023-02-04,subscription,250000
2116,110,23,2023-02-05,capital_call,3333
1347,70,9,2023-02-06,fee,1000
1872,98,14,2023-02-06,capital_call,8333
2214,113,20,2023-02-08,capital_call,16667
2546,132,14,2023-02-08,capital_call,10000
2925,157,13,2023-02-08,capital_call,62500
3475,187,13,2023-02-09,capital_call,8333
2542,131,10,2023-02-10,distribution,88782
902,45,16,2023-02-11,subscription,25000
1726,91,9,2023-02-11,distribution,15972
1484,77,21,2023-02-12,subscription,250000
190,10,4,2023-02-13,capital_call,50000
2930,158,2,2023-02-13,subscription,25000
205,10,8,2023-02-14,fee,2500
3579,193,10,2023-02-14,capital_call,33333
312,15,2,2023-02-15,capital_call,20000
651,32,10,2023-02-15,capital_call,12500
2317,119,2,2023-02-15,capital_call,20000
2748,145,10,2023-02-15,fee,500
1688,90,16,2023-02-16,subscription,25000
327,15,1,2023-02-17,fee,100
653,32,10,2023-02-17,fee,500
990,48,1,2023-02-17,capital_call,83333
487,26,13,2023-02-18,capital_call,25000
788,39,23,2023-02-19,capital_call,6250
823,42,23,2023-02-19,fee,1000
2974,160,21,2023-02-19,subscription,100000
3141,169,10,2023-02-19,capital_call,2000
3559,192,4,2023-02-19,capital_call,50000
1065,52,16,2023-02-20,fee,1000
1285,67,14,2023-02-20,capital_call,50000
2147,111,10,2023-02-20,capital_call,50000
1703,90,20,2023-02-21,capital_call,20000
3555,192,14,2023-02-21,distribution,16764
197,10,2,2023-02-22,capital_call,6250
644,32,1,2023-02-22,capital_call,3333
1267,66,9,2023-02-22,capital_call,12500
896,45,2,2023-02-24,capital_call,10000
980,48,16,2023-02-24,subscription,25000
1413,73,13,2023-02-24,distribution,10380
2338,119,4,2023-02-24,capital_call,12500
2964,159,1,2023-02-25,capital_call,16667
3245,175,21,2023-02-25,subscription,25000
3335,180,21,2023-02-25,capital_call,5000
438,24,7,2023-02-26,fee,2500
814,41,13,2023-02-26,capital_call,16667
2053,107,23,2023-02-26,subscription,250000
2248,116,22,2023-02-26,redemption,34623
2421,124,9,2023-02-26,capital_call,33333
3321,180,15,2023-02-26,distribution,730
3448,186,21,2023-02-26,subscription,100000
2187,113,8,2023-02-27,capital_call,10000
2466,127,15,2023-02-27,capital_call,33333
3568,192,8,2023-02-27,capital_call,6250
1126,57,14,2023-02-28,capital_call,20000
1859,97,13,2023-02-28,capital_call,62500
2173,112,7,2023-02-28,capital_call,2500
654,32,10,2023-03-01,distribution,2618
1042,51,6,2023-03-01,subscription,250000
1168,60,13,2023-03-02,capital_call,12500
2601,135,7,2023-03-02,subscription,100000
3508,189,15,2023-03-02,capital_call,62500
89,4,20,2023-03-03,fee,1000
677,33,13,2023-03-03,capital_call,2000
441,24,4,2023-03-04,subscription,50000
466,25,16,2023-03-04,subscription,10000
2086,109,20,2023-03-04,subscription,250000
3637,196,8,2023-03-04,redemption,5866
1846,97,21,2023-03-05,subscription,250000
3293,178,22,2023-03-05,capital_call,10000
1386,72,23,2023-03-06,capital_call,16667
3105,166,23,2023-03-06,capital_call,25000
3602,194,9,2023-03-06,subscription,25000
1705,90,20,2023-03-07,distribution,34729
2129,110,10,2023-03-07,capital_call,8333
2251,116,2,2023-03-07,capital_call,2500
2526,130,20,2023-03-07,capital_call,2000
1273,66,15,2023-03-08,capital_call,12500
1469,77,7,2023-03-08,capital_call,83333
1164,60,14,2023-03-09,distribution,19990
2034,107,17,2023-03-09,subscription,100000
2937,158,16,2023-03-10,subscription,100000
999,48,13,2023-03-11,fee,1000
1309,69,1,2023-03-11,distribution,9155
1761,92,9,2023-03-11,distribution,26125
2773,146,16,2023-03-11,subscription,50000
3227,175,4,2023-03-11,capital_call,50000
1262,65,5,2023-03-12,subscription,250000
1004,48,22,2023-03-13,capital_call,16667
1007,49,6,2023-03-13,subscription,50000
1030,51,21,2023-03-13,subscription,250000
2550,132,14,2023-03-14,fee,500
559,28,16,2023-03-16,subscription,100000
836,42,16,2023-03-16,capital_call,5000
2095,109,1,2023-03-16,subscription,50000
3435,185,9,2023-03-16,subscription,250000
3149,170,5,2023-03-17,subscription,100000
763,37,15,2023-03-18,capital_call,5000
2206,113,10,2023-03-18,capital_call,8333
1336,70,4,2023-03-19,capital_call,2000
2568,133,2,2023-03-19,capital_call,6250
2972,160,10,2023-03-19,capital_call,20000
480,25,22,2023-03-20,fee,2500
2325,119,21,2023-03-20,subscription,50000
3649,196,2,2023-03-20,fee,500
1224,63,10,2023-03-21,capital_call,62500
1354,70,7,2023-03-21,capital_call,20000
3498,189,16,2023-03-21,subscription,100000
1230,63,5,2023-03-22,subscription,100000
57,4,21,2023-03-23,capital_call,3333
2215,113,20,2023-03-23,capital_call,16667
3608,194,21,2023-03-23,subscription,25000
657,32,14,2023-03-24,capital_call,50000
1772,92,5,2023-03-25,subscription,100000
3020,162,5,2023-03-25,subscription,10000
252,12,2,2023-03-27,subscription,50000
667,32,13,2023-03-27,capital_call,5000
142,7,17,2023-03-28,distribution,39901
1388,72,21,2023-03-28,subscription,250000
20,2,17,2023-03-30,capital_call,10000
865,43,17,2023-03-30,distribution,37232
2339,119,4,2023-03-30,capital_call,12500
2953,159,22,2023-03-30,capital_call,20000
3073,165,2,2023-03-30,capital_call,10000
2902,157,22,2023-03-31,distribution,28478
3192,172,4,2023-03-31,capital_call,83333
1321,69,6,2023-04-02,subscription,50000
1477,77,14,2023-04-03,capital_call,50000
600,29,14,2023-04-04,capital_call,20000
740,36,6,2023-04-04,subscription,250000
2107,110,16,2023-04-04,subscription,100000
2829,151,4,2023-04-04,capital_call,6250
2946,159,19,2023-04-04,subscription,50000
3234,175,8,2023-04-04,capital_call,25000
3646,196,2,2023-04-04,capital_call,12500
793,39,5,2023-04-05,subscription,50000
920,45,6,2023-04-05,subscription,25000
2148,111,19,2023-04-05,subscription,50000
3269,177,6,2023-04-05,subscription,50000
119,6,20,2023-04-07,capital_call,50000
216,11,5,2023-04-07,subscription,25000
1298,69,2,2023-04-07,capital_call,20000
2984,160,4,2023-04-07,capital_call,5000
815,41,13,2023-04-08,capital_call,16667
1021,49,19,2023-04-08,subscription,10000
2563,133,4,2023-04-08,capital_call,83333
2729,143,13,2023-04-08,capital_call,10000
3062,165,9,2023-04-08,capital_call,62500
1163,60,14,2023-04-09,fee,500
1642,87,4,2023-04-09,capital_call,20000
2136,111,2,2023-04-09,capital_call,25000
2733,143,13,2023-04-09,fee,500
3198,174,13,2023-04-09,subscription,10000
3268,177,13,2023-04-09,capital_call,16667
3509,189,15,2023-04-09,capital_call,62500
1243,64,2,2023-04-10,capital_call,2000
1405,72,4,2023-04-10,fee,500
2911,157,7,2023-04-10,fee,1000
2920,157,23,2023-04-10,capital_call,12500
3228,175,4,2023-04-10,capital_call,50000
302,15,19,2023-04-11,subscription,10000
1132,57,9,2023-04-11,capital_call,16667
1350,70,20,2023-04-11,capital_call,8333
2090,109,20,2023-04-11,fee,2500
2221,114,10,2023-04-11,capital_call,20000
94,4,20,2023-04-13,redemption,34599
3160,170,17,2023-04-13,capital_call,50000
3461,186,16,2023-04-13,subscription,250000
897,45,2,2023-04-14,capital_call,10000
2044,107,21,2023-04-14,subscription,10000
2188,113,8,2023-04-14,capital_call,10000
1750,91,14,2023-04-15,distribution,37035
2502,129,13,2023-04-15,subscription,50000
3185,171,6,2023-04-15,subscription,50000
3318,180,15,2023-04-15,capital_call,2000
79,4,1,2023-04-16,capital_call,6250
1313,69,21,2023-04-16,subscription,10000
1714,91,18,2023-04-16,subscription,50000
3436,185,9,2023-04-16,capital_call,62500
3557,192,14,2023-04-16,redemption,22333
3142,169,10,2023-04-17,capital_call,2000
427,24,9,2023-04-18,capital_call,25000
554,28,7,2023-04-18,capital_call,16667
2162,112,17,2023-04-18,capital_call,25000
2926,157,13,2023-04-19,capital_call,62500
2125,110,20,2023-04-20,fee,100
479,25,22,2023-04-21,capital_call,125000
589,29,22,2023-04-21,distribution,21065
2442,125,16,2023-04-21,subscription,250000
729,36,4,2023-04-22,capital_call,50000
981,48,16,2023-04-22,capital_call,6250
2755,146,9,2023-04-22,distribution,2260
3171,171,10,2023-04-22,distribution,36510
1440,75,7,2023-04-23,capital_call,25000
1455,75,23,2023-04-23,capital_call,10000
234,11,18,2023-04-24,subscription,250000
242,12,21,2023-04-24,subscription,100000
2000,103,8,2023-04-24,capital_call,8333
2177,112,7,2023-04-24,fee,100
2943,159,9,2023-04-24,capital_call,83333
3283,178,7,2023-04-24,capital_call,62500
1225,63,10,2023-04-25,capital_call,62500
1993,103,14,2023-04-25,capital_call,5000
2979,160,5,2023-04-25,subscription,100000
227,11,2,2023-04-27,fee,100
1154,59,16,2023-04-27,subscription,25000
1261,65,23,2023-04-27,distribution,2510
2541,131,10,2023-04-27,fee,2500
3417,185,6,2023-04-27,subscription,100000
3638,196,16,2023-04-28,subscription,100000
970,47,4,2023-04-29,capital_call,5000
1045,51,6,2023-04-29,fee,2500
1402,72,4,2023-04-29,capital_call,16667
2117,110,23,2023-04-29,capital_call,3333
1268,66,9,2023-04-30,capital_call,12500
1282,66,2,2023-04-30,capital_call,12500
1470,77,7,2023-04-30,capital_call,83333
2377,121,4,2023-04-30,capital_call,10000
3326,180,4,2023-04-30,capital_call,50000
539,28,22,2023-05-01,capital_call,3333
3220,175,22,2023-05-01,capital_call,6250
2119,110,23,2023-05-02,distribution,1204
2340,119,4,2023-05-02,capital_call,12500
3150,170,5,2023-05-02,capital_call,20000
160,8,1,2023-05-03,distribution,31334
433,24,7,2023-05-04,capital_call,50000
560,28,16,2023-05-04,capital_call,25000
1127,57,14,2023-05-04,capital_call,20000
64,4,18,2023-05-05,subscription,100000
1099,54,9,2023-05-05,distribution,2438
2130,110,10,2023-05-05,distribution,2438
3237,175,8,2023-05-05,fee,1000
293,14,5,2023-05-06,subscription,50000
822,42,23,2023-05-06,capital_call,50000
2252,116,2,2023-05-06,capital_call,2500
418,22,18,2023-05-07,subscription,10000
2074,109,15,2023-05-07,capital_call,62500
2762,146,1,2023-05-07,capital_call,10000
1083,54,18,2023-05-08,subscription,10000
1558,81,22,2023-05-08,subscription,50000
2569,133,2,2023-05-08,capital_call,6250
3081,166,6,2023-05-08,subscription,100000
497,26,22,2023-05-09,capital_call,6250
1057,52,14,2023-05-09,capital_call,25000
1947,101,9,2023-05-09,subscription,25000
2931,158,2,2023-05-09,capital_call,5000
1019,49,8,2023-05-10,distribution,30093
1031,51,21,2023-05-10,capital_call,62500
2543,131,10,2023-05-10,distribution,85558
3477,187,13,2023-05-10,distribution,8772
442,24,4,2023-05-11,capital_call,12500
1689,90,16,2023-05-11,capital_call,5000
1762,92,9,2023-05-11,distribution,12508
2467,127,15,2023-05-11,capital_call,33333
1903,99,21,2023-05-12,subscription,10000
2730,143,13,2023-05-12,capital_call,10000
2864,154,22,2023-05-12,subscription,10000
3573,192,7,2023-05-12,fee,500
1005,48,22,2023-05-13,capital_call,16667
3175,171,7,2023-05-13,capital_call,5000
225,11,2,2023-05-14,capital_call,2500
1235,63,4,2023-05-14,capital_call,2000
3449,186,21,2023-05-14,capital_call,50000
3580,193,10,2023-05-14,fee,1000
313,15,2,2023-05-15,capital_call,20000
2429,125,6,2023-05-15,subscription,100000
2929,157,13,2023-05-15,redemption,58185
1082,54,23,2023-05-16,redemption,15125
1322,69,6,2023-05-16,capital_call,10000
2149,111,19,2023-05-16,capital_call,10000
1934,101,8,2023-05-17,subscription,250000
2189,113,8,2023-05-17,capital_call,10000
2908,157,7,2023-05-17,capital_call,25000
3144,169,10,2023-05-17,fee,100
342,16,16,2023-05-18,subscription,10000
828,42,5,2023-05-18,subscription,25000
1136,57,13,2023-05-18,capital_call,50000
1873,98,14,2023-05-18,capital_call,8333
3034,162,1,2023-05-18,distribution,63133
1231,63,5,2023-05-20,capital_call,50000
1922,100,8,2023-05-21,subscription,250000
910,45,19,2023-05-22,subscription,10000
3451,186,21,2023-05-22,fee,1000
576,29,2,2023-05-23,fee,250
1855,97,17,2023-05-23,fee,250
1956,101,14,2023-05-23,subscription,25000
2209,113,10,2023-05-23,fee,250
2318,119,2,2023-05-23,capital_call,20000
2326,119,21,2023-05-23,capital_call,12500
3319,180,15,2023-05-23,capital_call,2000
921,45,6,2023-05-24,capital_call,8333
1244,64,2,2023-05-25,capital_call,2000
1303,69,2,2023-05-25,fee,1000
2336,119,9,2023-05-25,distribution,72481
1435,75,4,2023-05-26,capital_call,50000
1456,75,23,2023-05-26,capital_call,10000
1638,87,17,2023-05-26,capital_call,12500
2163,112,5,2023-05-26,subscription,25000
2193,113,6,2023-05-26,subscription,250000
2506,130,7,2023-05-26,capital_call,2500
1351,70,20,2023-05-27,capital_call,8333
2025,107,20,2023-05-27,subscription,10000
2530,130,20,2023-05-27,distribution,806
2959,159,7,2023-05-27,capital_call,83333
3455,186,1,2023-05-27,capital_call,20000
3592,194,5,2023-05-27,subscription,25000
1299,69,2,2023-05-28,capital_call,20000
247,12,21,2023-05-29,fee,1000
2822,151,23,2023-05-29,capital_call,20000
2980,160,5,2023-05-30,capital_call,50000
3492,189,19,2023-05-30,subscription,250000
90,4,20,2023-05-31,distribution,19176
985,48,16,2023-05-31,fee,250
2087,109,20,2023-05-31,capital_call,83333
1169,60,13,2023-06-01,capital_call,12500
2766,146,1,2023-06-01,distribution,15501
2975,160,21,2023-06-01,capital_call,25000
668,32,13,2023-06-02,capital_call,5000
1063,52,16,2023-06-02,capital_call,50000
1274,66,15,2023-06-02,capital_call,12500
1962,101,11,2023-06-02,subscription,10000
2774,146,16,2023-06-02,capital_call,16667
2833,151,11,2023-06-02,subscription,100000
2944,159,9,2023-06-02,capital_call,83333
121,6,20,2023-06-03,distribution,54118
2234,116,21,2023-06-03,capital_call,12500
658,32,14,2023-06-04,capital_call,50000
678,33,13,2023-06-04,capital_call,2000
816,41,13,2023-06-04,distribution,12889
1203,62,14,2023-06-04,subscription,25000
652,32,10,2023-06-05,capital_call,12500
898,45,2,2023-06-05,capital_call,10000
1414,73,13,2023-06-05,distribution,25891
1571,83,2,2023-06-05,subscription,25000
328,16,7,2023-06-06,subscription,100000
1918,100,4,2023-06-06,subscription,25000
2422,124,9,2023-06-06,capital_call,33333
431,24,9,2023-06-07,fee,1000
456,25,23,2023-06-07,capital_call,8333
1709,90,11,2023-06-07,subscription,100000
2309,119,12,2023-06-07,subscription,25000
2547,132,14,2023-06-07,capital_call,10000
602,29,14,2023-06-08,distribution,39207
2857,154,20,2023-06-08,subscription,50000
2945,159,9,2023-06-08,fee,2500
3499,189,16,2023-06-08,capital_call,20000
3603,194,9,2023-06-08,capital_call,8333
1948,101,9,2023-06-09,capital_call,6250
2039,107,17,2023-06-09,fee,1000
3270,177,6,2023-06-09,capital_call,25000
198,10,2,2023-06-10,capital_call,6250
428,24,9,2023-06-10,capital_call,25000
1485,77,21,2023-06-10,capital_call,62500
2532,130,11,2023-06-10,subscription,10000
3411,185,19,2023-06-10,subscription,10000
1442,75,7,2023-06-11,fee,500
2222,114,10,2023-06-11,capital_call,20000
2284,118,11,2023-06-11,subscription,250000
3300,179,23,2023-06-11,subscription,25000
3336,180,21,2023-06-11,capital_call,5000
297,14,11,2023-06-12,subscription,250000
2216,113,20,2023-06-12,capital_call,16667
2824,151,23,2023-06-12,distribution,27589
2830,151,4,2023-06-12,capital_call,6250
3025,162,5,2023-06-12,fee,100
206,10,8,2023-06-13,distribution,13921
461,25,18,2023-06-13,subscription,250000
557,28,7,2023-06-13,fee,500
661,32,14,2023-06-13,fee,2500
1773,92,5,2023-06-13,capital_call,20000
3202,174,13,2023-06-13,fee,100
3428,185,12,2023-06-13,subscription,10000
58,4,21,2023-06-14,capital_call,3333
1447,75,18,2023-06-14,subscription,10000
3199,174,13,2023-06-14,capital_call,3333
324,15,1,2023-06-15,capital_call,2500
1860,97,13,2023-06-15,capital_call,62500
2731,143,13,2023-06-15,capital_call,10000
876,43,11,2023-06-16,subscription,10000
926,46,4,2023-06-16,subscription,100000
1286,67,14,2023-06-16,capital_call,50000
1929,100,21,2023-06-16,subscription,25000
2381,121,4,2023-06-16,fee,500
3259,177,12,2023-06-16,subscription,100000
1359,70,7,2023-06-17,fee,1000
1843,97,1,2023-06-17,capital_call,12500
2949,159,19,2023-06-17,fee,500
411,22,1,2023-06-19,subscription,25000
941,46,17,2023-06-19,subscription,50000
1896,99,14,2023-06-19,subscription,250000
3572,192,7,2023-06-19,capital_call,25000
2386,121,19,2023-06-20,subscription,50000
3560,192,4,2023-06-20,capital_call,50000
200,10,2,2023-06-21,fee,250
253,12,2,2023-06-21,capital_call,12500
1847,97,21,2023-06-21,capital_call,83333
2096,109,1,2023-06-21,capital_call,12500
2503,129,13,2023-06-21,capital_call,25000
3526,190,12,2023-06-21,subscription,25000
280,14,19,2023-06-22,subscription,10000
2932,158,2,2023-06-22,capital_call,5000
343,16,16,2023-06-23,capital_call,2000
922,45,6,2023-06-23,capital_call,8333
1025,49,19,2023-06-23,fee,100
1036,51,11,2023-06-23,subscription,10000
2947,159,19,2023-06-23,capital_call,25000
3440,186,19,2023-06-23,subscription,250000
540,28,22,2023-06-24,capital_call,3333
1577,83,23,2023-06-24,subscription,10000
2564,133,4,2023-06-24,capital_call,83333
1914,100,14,2023-06-25,subscription,250000
2035,107,17,2023-06-25,capital_call,25000
21,2,17,2023-06-26,capital_call,10000
555,28,7,2023-06-27,capital_call,16667
995,48,13,2023-06-27,capital_call,20000
1323,69,6,2023-06-27,capital_call,10000
1471,77,7,2023-06-27,capital_call,83333
561,28,16,2023-06-28,capital_call,25000
991,48,1,2023-06-29,capital_call,83333
1547,81,4,2023-06-29,subscription,25000
1751,92,18,2023-06-29,subscription,250000
2054,107,23,2023-06-29,capital_call,50000
191,10,4,2023-06-30,capital_call,50000
543,28,18,2023-06-30,subscription,25000
1498,78,23,2023-06-30,subscription,250000
1935,101,8,2023-06-30,capital_call,125000
3450,186,21,2023-06-30,capital_call,50000
3462,186,16,2023-06-30,capital_call,50000
1507,79,21,2023-07-01,subscription,250000
1883,99,11,2023-07-01,subscription,250000
2507,130,7,2023-07-01,capital_call,2500
3074,165,2,2023-07-01,capital_call,10000
2844,152,9,2023-07-02,capital_call,2000
2960,159,7,2023-07-02,capital_call,83333
975,47,4,2023-07-03,distribution,2980
1258,65,23,2023-07-03,capital_call,2000
2321,119,2,2023-07-03,fee,1000
3307,179,14,2023-07-03,subscription,10000
235,11,18,2023-07-04,capital_call,62500
1171,60,12,2023-07-04,subscription,50000
1727,91,9,2023-07-04,distribution,15197
1742,91,1,2023-07-04,redemption,5709
669,33,11,2023-07-06,subscription,100000
789,39,23,2023-07-06,capital_call,6250
794,39,5,2023-07-06,capital_call,10000
1300,69,2,2023-07-06,capital_call,20000
1690,90,16,2023-07-06,capital_call,5000
1994,103,14,2023-07-06,capital_call,5000
2062,108,23,2023-07-06,subscription,50000
3511,190,18,2023-07-06,subscription,10000
294,14,5,2023-07-07,capital_call,25000
1372,72,18,2023-07-07,subscription,50000
1393,72,11,2023-07-07,subscription,10000
2030,107,18,2023-07-07,subscription,10000
3132,169,12,2023-07-07,subscription,250000
903,45,16,2023-07-08,capital_call,5000
1528,79,13,2023-07-08,subscription,50000
2468,127,15,2023-07-08,capital_call,33333
2553,132,19,2023-07-08,subscription,10000
871,43,1,2023-07-09,redemption,115623
1643,87,4,2023-07-09,capital_call,20000
1890,99,12,2023-07-09,subscription,10000
314,15,2,2023-07-10,capital_call,20000
1080,54,23,2023-07-10,distribution,14085
1133,57,9,2023-07-10,capital_call,16667
1551,81,16,2023-07-10,subscription,50000
2430,125,6,2023-07-10,capital_call,33333
429,24,9,2023-07-11,capital_call,25000
1008,49,6,2023-07-11,capital_call,25000
1706,90,20,2023-07-11,distribution,23689
1863,98,18,2023-07-11,subscription,10000
2045,107,21,2023-07-11,capital_call,3333
1263,65,5,2023-07-12,capital_call,125000
1310,69,1,2023-07-12,distribution,31083
1919,100,4,2023-07-12,capital_call,8333
2602,135,7,2023-07-12,capital_call,20000
365,18,12,2023-07-13,subscription,10000
976,47,18,2023-07-13,subscription,25000
2809,150,11,2023-07-13,subscription,250000
3143,169,10,2023-07-13,capital_call,2000
3418,185,6,2023-07-13,capital_call,20000
209,11,11,2023-07-14,subscription,25000
348,16,16,2023-07-14,fee,100
733,36,18,2023-07-14,subscription,50000
741,36,6,2023-07-14,capital_call,83333
2224,114,10,2023-07-14,distribution,29292
2409,123,19,2023-07-14,subscription,10000
2799,148,16,2023-07-14,subscription,10000
2954,159,22,2023-07-14,capital_call,20000
3556,192,14,2023-07-14,distribution,13418
467,25,16,2023-07-15,capital_call,2000
2767,146,1,2023-07-15,redemption,12842
2772,146,23,2023-07-15,distribution,16572
2870,155,18,2023-07-15,subscription,250000
2965,159,1,2023-07-15,capital_call,16667
568,28,11,2023-07-16,subscription,25000
950,47,11,2023-07-16,subscription,25000
1137,57,13,2023-07-16,capital_call,50000
2069,108,2,2023-07-16,subscription,250000
2395,121,18,2023-07-16,subscription,100000
3264,177,12,2023-07-16,fee,1000
1232,63,5,2023-07-17,capital_call,50000
3238,175,18,2023-07-17,subscription,250000
336,16,6,2023-07-18,subscription,100000
889,45,12,2023-07-18,subscription,25000
1923,100,8,2023-07-18,capital_call,125000
3246,175,21,2023-07-18,capital_call,6250
3604,194,9,2023-07-18,capital_call,8333
1352,70,20,2023-07-19,fee,250
2443,125,16,2023-07-19,capital_call,83333
228,11,12,2023-07-20,subscription,50000
837,42,16,2023-07-20,capital_call,5000
1648,87,18,2023-07-20,subscription,10000
2527,130,20,2023-07-20,capital_call,2000
3569,192,8,2023-07-20,capital_call,6250
504,26,18,2023-07-21,subscription,10000
679,33,13,2023-07-21,capital_call,2000
2235,116,21,2023-07-21,capital_call,12500
1022,49,19,2023-07-22,capital_call,3333
1564,81,22,2023-07-22,fee,500
2174,112,7,2023-07-22,capital_call,2500
2663,139,7,2023-07-22,subscription,100000
3221,175,22,2023-07-22,capital_call,6250
3322,180,15,2023-07-22,distribution,695
24,2,19,2023-07-23,subscription,25000
927,46,4,2023-07-23,capital_call,20000
1587,83,17,2023-07-23,subscription,50000
2131,110,10,2023-07-23,distribution,6738
3155,170,5,2023-07-23,fee,1000
705,34,18,2023-07-24,subscription,10000
1128,57,14,2023-07-24,capital_call,20000
3208,174,9,2023-07-24,subscription,10000
3161,170,17,2023-07-25,capital_call,50000
3337,180,19,2023-07-25,subscription,250000
1058,52,14,2023-07-26,capital_call,25000
2327,119,21,2023-07-26,capital_call,12500
2938,158,16,2023-07-26,capital_call,50000
2985,160,4,2023-07-26,capital_call,5000
434,24,7,2023-07-27,capital_call,50000
1478,77,14,2023-07-27,capital_call,50000
3064,165,11,2023-07-27,subscription,100000
3647,196,2,2023-07-27,capital_call,12500
243,12,21,2023-07-28,capital_call,25000
744,36,6,2023-07-28,fee,2500
1043,51,6,2023-07-28,capital_call,125000
1715,91,18,2023-07-28,capital_call,16667
2392,121,19,2023-07-28,fee,500
2865,154,22,2023-07-28,capital_call,2000
10,2,12,2023-07-29,subscription,10000
226,11,2,2023-07-30,capital_call,2500
1067,53,18,2023-07-30,subscription,10000
2253,116,2,2023-07-30,capital_call,2500
2387,121,19,2023-07-30,capital_call,10000
3106,166,23,2023-07-30,capital_call,25000
829,42,5,2023-07-31,capital_call,5000
1389,72,21,2023-07-31,capital_call,83333
1897,99,14,2023-07-31,capital_call,83333
2424,124,9,2023-07-31,redemption,67463
3021,162,5,2023-07-31,capital_call,2500
60,4,21,2023-08-01,fee,100
764,37,15,2023-08-01,capital_call,5000
1337,70,4,2023-08-01,capital_call,2000
1541,81,11,2023-08-01,subscription,100000
3200,174,13,2023-08-01,capital_call,3333
3301,179,23,2023-08-01,capital_call,8333
303,15,19,2023-08-02,capital_call,2500
462,25,18,2023-08-03,capital_call,83333
748,36,12,2023-08-03,subscription,100000
3284,178,7,2023-08-03,capital_call,62500
2278,118,2,2023-08-04,subscription,250000
65,4,18,2023-08-05,capital_call,20000
2181,112,11,2023-08-05,subscription,10000
3186,171,6,2023-08-05,capital_call,25000
2120,110,23,2023-08-06,distribution,1390
2732,143,13,2023-08-06,capital_call,10000
3510,189,15,2023-08-06,capital_call,62500
1490,78,8,2023-08-07,subscription,50000
3077,165,2,2023-08-07,fee,500
564,28,16,2023-08-08,fee,1000
2557,132,11,2023-08-08,subscription,50000
3145,169,10,2023-08-08,distribution,2246
3176,171,7,2023-08-08,capital_call,5000
3193,172,4,2023-08-08,capital_call,83333
120,6,20,2023-08-09,capital_call,50000
1908,99,20,2023-08-09,subscription,10000
1957,101,14,2023-08-09,capital_call,12500
2207,113,10,2023-08-09,capital_call,8333
2834,151,11,2023-08-09,capital_call,25000
1265,65,5,2023-08-10,fee,2500
1578,83,23,2023-08-10,capital_call,2000
3609,194,21,2023-08-10,capital_call,6250
698,34,23,2023-08-11,subscription,100000
1155,59,16,2023-08-11,capital_call,8333
2876,156,5,2023-08-11,subscription,250000
757,36,11,2023-08-12,subscription,100000
1489,77,21,2023-08-12,fee,2500
1774,92,5,2023-08-13,capital_call,20000
790,39,23,2023-08-14,distribution,5205
933,46,7,2023-08-14,subscription,50000
1515,79,5,2023-08-14,subscription,25000
2508,130,7,2023-08-14,capital_call,2500
2533,130,11,2023-08-14,capital_call,3333
2570,133,2,2023-08-14,capital_call,6250
3327,180,4,2023-08-14,capital_call,50000
1355,70,7,2023-08-15,capital_call,20000
2108,110,16,2023-08-15,capital_call,20000
2190,113,8,2023-08-15,capital_call,10000
217,11,5,2023-08-16,capital_call,12500
236,11,18,2023-08-16,capital_call,62500
824,42,23,2023-08-16,distribution,32071
3423,185,6,2023-08-16,fee,1000
3456,186,1,2023-08-16,capital_call,20000
81,4,1,2023-08-17,distribution,2380
971,47,4,2023-08-17,capital_call,5000
1480,77,14,2023-08-17,distribution,23719
1508,79,21,2023-08-17,capital_call,62500
2150,111,19,2023-08-17,capital_call,10000
3516,190,18,2023-08-17,fee,100
603,29,14,2023-08-19,distribution,36318
645,32,1,2023-08-19,distribution,2226
670,33,11,2023-08-19,capital_call,25000
1217,62,5,2023-08-19,subscription,50000
1548,81,4,2023-08-19,capital_call,12500
2341,119,4,2023-08-19,capital_call,12500
2396,121,18,2023-08-19,capital_call,50000
3235,175,8,2023-08-19,capital_call,25000
2378,121,4,2023-08-20,capital_call,10000
122,6,20,2023-08-21,distribution,96301
468,25,16,2023-08-21,capital_call,2000
1949,101,9,2023-08-21,capital_call,6250
3239,175,18,2023-08-21,capital_call,62500
924,45,6,2023-08-22,fee,250
1172,60,12,2023-08-22,capital_call,16667
1175,60,12,2023-08-22,fee,500
1559,81,22,2023-08-22,capital_call,10000
2026,107,20,2023-08-22,capital_call,5000
2303,118,16,2023-08-22,subscription,25000
2775,146,16,2023-08-22,capital_call,16667
3099,166,12,2023-08-22,subscription,25000
3229,175,4,2023-08-22,capital_call,50000
3437,185,9,2023-08-22,capital_call,62500
443,24,4,2023-08-23,capital_call,12500
1211,62,2,2023-08-23,subscription,25000
3287,178,7,2023-08-23,fee,2500
199,10,2,2023-08-24,capital_call,6250
2551,132,14,2023-08-24,distribution,16312
542,28,22,2023-08-25,fee,100
1204,62,14,2023-08-25,capital_call,6250
2075,109,15,2023-08-25,capital_call,62500
3463,186,16,2023-08-25,capital_call,50000
1848,97,21,2023-08-26,capital_call,83333
1875,98,12,2023-08-26,subscription,100000
2909,157,7,2023-08-26,capital_call,25000
3082,166,6,2023-08-26,capital_call,25000
3639,196,16,2023-08-26,capital_call,20000
3685,200,11,2023-08-26,subscription,100000
2310,119,12,2023-08-27,capital_call,5000
2431,125,6,2023-08-27,capital_call,33333
419,22,18,2023-08-28,capital_call,5000
1448,75,18,2023-08-28,capital_call,5000
3429,185,12,2023-08-28,capital_call,5000
659,32,14,2023-08-29,capital_call,50000
1403,72,4,2023-08-29,capital_call,16667
1639,87,17,2023-08-29,capital_call,12500
2290,118,18,2023-08-30,subscription,50000
2664,139,7,2023-08-30,capital_call,50000
3151,170,5,2023-08-30,capital_call,20000
295,14,5,2023-08-31,capital_call,25000
465,25,18,2023-08-31,fee,2500
2989,160,4,2023-08-31,fee,250
3593,194,5,2023-08-31,capital_call,5000
1499,78,23,2023-09-01,capital_call,83333
3308,179,14,2023-09-01,capital_call,2000
974,47,4,2023-09-02,fee,250
1032,51,21,2023-09-02,capital_call,62500
1236,63,4,2023-09-02,capital_call,2000
1245,64,2,2023-09-02,capital_call,2000
1649,87,18,2023-09-02,capital_call,2000
2921,157,23,2023-09-02,capital_call,12500
2981,160,5,2023-09-02,capital_call,50000
742,36,6,2023-09-03,capital_call,83333
1898,99,14,2023-09-03,capital_call,83333
2936,158,2,2023-09-03,fee,250
481,25,22,2023-09-05,distribution,24350
1441,75,7,2023-09-05,capital_call,25000
1552,81,16,2023-09-05,capital_call,25000
1850,97,21,2023-09-05,fee,2500
1891,99,12,2023-09-05,capital_call,2500
1035,51,21,2023-09-06,fee,2500
1059,52,14,2023-09-06,capital_call,25000
1314,69,21,2023-09-06,capital_call,2500
2121,110,23,2023-09-06,redemption,5040
127,7,23,2023-09-07,distribution,9282
152,8,12,2023-09-07,subscription,250000
768,37,15,2023-09-07,distribution,8821
2858,154,20,2023-09-07,capital_call,10000
562,28,16,2023-09-08,capital_call,25000
1647,87,4,2023-09-08,fee,1000
2948,159,19,2023-09-08,capital_call,25000
3065,165,11,2023-09-08,capital_call,50000
91,4,20,2023-09-09,distribution,11016
908,45,16,2023-09-09,fee,250
928,46,4,2023-09-09,capital_call,20000
2903,157,22,2023-09-09,distribution,25938
3583,194,11,2023-09-09,subscription,10000
59,4,21,2023-09-10,capital_call,3333
1129,57,14,2023-09-10,capital_call,20000
1287,67,14,2023-09-10,capital_call,50000
3271,177,6,2023-09-10,capital_call,25000
628,31,8,2023-09-11,subscription,50000
963,47,14,2023-09-11,distribution,31183
2097,109,1,2023-09-11,capital_call,12500
2194,113,6,2023-09-11,capital_call,50000
2877,156,5,2023-09-11,capital_call,125000
884,44,11,2023-09-12,subscription,100000
1311,69,1,2023-09-12,distribution,8593
1909,99,20,2023-09-12,capital_call,2500
2031,107,18,2023-09-12,capital_call,3333
2548,132,14,2023-09-12,capital_call,10000
3529,190,12,2023-09-12,fee,250
2491,128,8,2023-09-13,subscription,50000
2504,129,13,2023-09-13,capital_call,25000
2565,133,4,2023-09-13,fee,2500
632,31,23,2023-09-14,subscription,10000
1844,97,1,2023-09-14,fee,250
2531,130,20,2023-09-14,distribution,3643
3067,165,12,2023-09-14,subscription,250000
795,39,5,2023-09-15,capital_call,10000
982,48,16,2023-09-15,capital_call,6250
1930,100,21,2023-09-15,capital_call,8333
2536,130,11,2023-09-15,fee,100
2976,160,21,2023-09-15,capital_call,25000
1366,71,14,2023-09-16,subscription,25000
2175,112,7,2023-09-16,capital_call,2500
556,28,7,2023-09-17,capital_call,16667
872,43,12,2023-09-17,subscription,25000
1884,99,11,2023-09-17,capital_call,83333
1900,99,14,2023-09-17,fee,2500
3209,174,9,2023-09-17,capital_call,5000
1741,91,1,2023-09-18,distribution,3177
281,14,19,2023-09-19,capital_call,2000
1275,66,15,2023-09-19,capital_call,12500
1458,75,23,2023-09-19,distribution,19302
2835,151,11,2023-09-19,capital_call,25000
2866,154,22,2023-09-19,capital_call,2000
143,7,17,2023-09-20,distribution,23424
1436,75,4,2023-09-20,capital_call,50000
1904,99,21,2023-09-20,capital_call,2500
315,15,2,2023-09-21,capital_call,20000
457,25,23,2023-09-21,capital_call,8333
2554,132,19,2023-09-21,capital_call,3333
2572,133,2,2023-09-21,distribution,9368
1486,77,21,2023-09-22,capital_call,62500
1729,91,12,2023-09-22,subscription,100000
951,47,11,2023-09-23,capital_call,5000
1084,54,18,2023-09-23,capital_call,2000
1491,78,8,2023-09-23,capital_call,12500
3201,174,13,2023-09-23,capital_call,3333
1394,72,11,2023-09-24,capital_call,2000
1529,79,13,2023-09-24,capital_call,16667
1963,101,11,2023-09-24,capital_call,2000
237,11,18,2023-09-25,capital_call,62500
298,14,11,2023-09-25,capital_call,83333
2164,112,5,2023-09-25,capital_call,8333
1913,99,20,2023-09-26,fee,100
2154,111,19,2023-09-26,fee,500
2756,146,9,2023-09-26,distribution,2836
3323,180,15,2023-09-26,distribution,1532
3512,190,18,2023-09-26,capital_call,2500
3561,192,4,2023-09-26,capital_call,50000
304,15,19,2023-09-27,capital_call,2500
449,24,11,2023-09-27,subscription,50000
1277,66,15,2023-09-27,distribution,9514
1691,90,16,2023-09-27,capital_call,5000
2534,130,11,2023-09-27,capital_call,3333
3650,196,12,2023-09-27,subscription,10000
22,2,17,2023-09-28,capital_call,10000
498,26,22,2023-09-28,capital_call,6250
1462,76,18,2023-09-28,subscription,250000
1524,79,12,2023-09-28,subscription,100000
2059,107,23,2023-09-28,fee,2500
2476,128,19,2023-09-28,subscription,25000
1502,78,21,2023-09-29,subscription,250000
1694,90,16,2023-09-29,fee,250
2400,121,12,2023-09-29,subscription,250000
2558,132,11,2023-09-29,capital_call,16667
3172,171,10,2023-09-29,distribution,18206
2379,121,4,2023-09-30,capital_call,10000
2910,157,7,2023-09-30,capital_call,25000
3162,170,17,2023-09-30,capital_call,50000
325,15,1,2023-10-01,capital_call,2500
1995,103,14,2023-10-01,capital_call,5000
2297,118,1,2023-10-01,subscription,250000
2665,139,7,2023-10-01,capital_call,50000
2831,151,4,2023-10-01,capital_call,6250
3430,185,12,2023-10-01,capital_call,5000
3493,189,19,2023-10-01,capital_call,125000
662,32,14,2023-10-02,redemption,140482
1259,65,23,2023-10-02,capital_call,2000
1775,92,5,2023-10-02,capital_call,20000
344,16,16,2023-10-03,capital_call,2000
687,34,2,2023-10-03,subscription,10000
1055,51,23,2023-10-03,redemption,6396
1437,75,4,2023-10-03,fee,1000
1710,90,11,2023-10-03,capital_call,50000
2088,109,20,2023-10-03,capital_call,83333
25,2,19,2023-10-04,capital_call,5000
2667,139,5,2023-10-04,subscription,250000
1521,79,5,2023-10-05,fee,250
3078,165,2,2023-10-05,distribution,6033
706,34,18,2023-10-06,capital_call,3333
992,48,1,2023-10-06,capital_call,83333
1728,91,9,2023-10-06,distribution,26188
2603,135,7,2023-10-06,capital_call,20000
2823,151,23,2023-10-06,capital_call,20000
3527,190,12,2023-10-06,capital_call,12500
996,48,13,2023-10-07,capital_call,20000
1269,66,9,2023-10-07,fee,250
1588,83,17,2023-10-07,capital_call,10000
2109,110,16,2023-10-07,capital_call,20000
817,41,13,2023-10-08,distribution,14400
911,45,19,2023-10-09,capital_call,2000
161,8,1,2023-10-10,distribution,20712
218,11,5,2023-10-10,capital_call,12500
412,22,1,2023-10-10,capital_call,5000
3113,167,13,2023-10-10,subscription,10000
3240,175,18,2023-10-10,capital_call,62500
3605,194,9,2023-10-10,capital_call,8333
53,4,22,2023-10-11,distribution,5675
1271,66,9,2023-10-11,redemption,14950
1579,83,23,2023-10-11,capital_call,2000
1924,100,8,2023-10-11,capital_call,125000
2319,119,2,2023-10-11,capital_call,20000
1752,92,18,2023-10-12,capital_call,83333
2285,118,11,2023-10-12,capital_call,62500
3302,179,23,2023-10-12,capital_call,8333
463,25,18,2023-10-13,capital_call,83333
877,43,11,2023-10-13,capital_call,3333
1572,83,2,2023-10-14,capital_call,5000
1915,100,14,2023-10-14,capital_call,125000
2588,134,22,2023-10-14,subscription,250000
2815,150,11,2023-10-14,fee,2500
3412,185,19,2023-10-14,capital_call,3333
2410,123,19,2023-10-15,capital_call,5000
2886,156,12,2023-10-15,subscription,25000
942,46,17,2023-10-16,capital_call,10000
1609,85,6,2023-10-16,subscription,10000
1864,98,18,2023-10-16,capital_call,2500
3222,175,22,2023-10-17,capital_call,6250
691,34,12,2023-10-18,subscription,50000
1064,52,16,2023-10-18,capital_call,50000
3035,162,1,2023-10-18,distribution,61002
417,22,1,2023-10-19,fee,250
1100,54,9,2023-10-19,distribution,1855
1373,72,18,2023-10-19,capital_call,10000
1707,90,20,2023-10-19,distribution,32487
2469,128,6,2023-10-19,subscription,250000
257,12,2,2023-10-20,fee,500
771,38,23,2023-10-20,subscription,25000
901,45,2,2023-10-20,fee,500
1327,69,6,2023-10-20,fee,500
229,11,12,2023-10-21,capital_call,16667
1549,81,4,2023-10-21,capital_call,12500
2595,134,5,2023-10-21,subscription,100000
1404,72,4,2023-10-22,capital_call,16667
1763,92,9,2023-10-22,distribution,78851
1936,101,8,2023-10-23,capital_call,125000
2607,136,5,2023-10-23,subscription,25000
2776,146,16,2023-10-23,capital_call,16667
2961,159,7,2023-10-23,distribution,95791
337,16,6,2023-10-24,capital_call,25000
2046,107,21,2023-10-24,capital_call,3333
366,18,12,2023-10-25,capital_call,2000
712,34,20,2023-10-25,subscription,10000
749,36,12,2023-10-25,capital_call,20000
254,12,2,2023-10-26,capital_call,12500
329,16,7,2023-10-26,capital_call,20000
541,28,22,2023-10-26,capital_call,3333
646,32,1,2023-10-26,distribution,1085
2528,130,20,2023-10-26,capital_call,2000
1387,72,23,2023-10-27,distribution,10420
1832,96,12,2023-10-27,subscription,250000
11,2,12,2023-10-28,capital_call,5000
3022,162,5,2023-10-28,capital_call,2500
3444,186,19,2023-10-28,fee,2500
3504,189,16,2023-10-28,fee,1000
1044,51,6,2023-10-29,capital_call,125000
2165,112,5,2023-10-29,capital_call,8333
3438,185,9,2023-10-29,capital_call,62500
435,24,7,2023-10-30,capital_call,50000
682,33,13,2023-10-30,fee,100
699,34,23,2023-10-30,capital_call,25000
1640,87,17,2023-10-30,capital_call,12500
2070,108,2,2023-10-31,capital_call,125000
2397,121,18,2023-10-31,capital_call,50000
899,45,2,2023-11-01,capital_call,10000
932,46,4,2023-11-01,fee,1000
1324,69,6,2023-11-01,capital_call,10000
1788,94,15,2023-11-01,subscription,25000
1892,99,12,2023-11-01,capital_call,2500
2509,130,7,2023-11-01,capital_call,2500
3075,165,2,2023-11-01,capital_call,10000
3500,189,16,2023-11-01,capital_call,20000
1288,67,14,2023-11-02,capital_call,50000
1525,79,12,2023-11-02,capital_call,50000
1020,49,8,2023-11-03,distribution,33085
1237,63,4,2023-11-03,capital_call,2000
1246,64,2,2023-11-03,capital_call,2000
1662,88,22,2023-11-03,subscription,25000
1650,87,18,2023-11-04,capital_call,2000
1712,90,11,2023-11-04,fee,1000
2291,118,18,2023-11-04,capital_call,25000
947,46,17,2023-11-05,fee,500
1849,97,21,2023-11-05,capital_call,83333
1920,100,4,2023-11-05,capital_call,8333
2185,112,11,2023-11-05,fee,100
2955,159,22,2023-11-05,capital_call,20000
3133,169,12,2023-11-05,capital_call,83333
563,28,16,2023-11-06,capital_call,25000
1085,54,18,2023-11-06,capital_call,2000
1270,66,9,2023-11-06,distribution,7884
2063,108,23,2023-11-06,capital_call,12500
2225,114,10,2023-11-06,distribution,32451
734,36,18,2023-11-07,capital_call,25000
904,45,16,2023-11-07,capital_call,5000
983,48,16,2023-11-07,capital_call,6250
1009,49,6,2023-11-07,capital_call,25000
1360,71,5,2023-11-07,subscription,250000
2055,107,23,2023-11-07,capital_call,50000
2405,122,8,2023-11-07,subscription,25000
1037,51,11,2023-11-08,capital_call,2000
1716,91,18,2023-11-08,capital_call,16667
2614,136,19,2023-11-08,subscription,100000
2916,157,7,2023-11-08,redemption,49953
660,32,14,2023-11-09,capital_call,50000
680,33,13,2023-11-09,capital_call,2000
1301,69,2,2023-11-09,capital_call,20000
210,11,11,2023-11-10,capital_call,5000
1340,70,4,2023-11-10,distribution,2716
1487,77,21,2023-11-10,capital_call,62500
3441,186,19,2023-11-10,capital_call,83333
3594,194,5,2023-11-10,capital_call,5000
776,38,20,2023-11-11,subscription,250000
1264,65,5,2023-11-11,capital_call,125000
1415,73,13,2023-11-11,distribution,37633
3494,189,19,2023-11-11,capital_call,125000
430,24,9,2023-11-12,capital_call,25000
1463,76,18,2023-11-12,capital_call,83333
2182,112,11,2023-11-12,capital_call,3333
2492,128,8,2023-11-12,capital_call,12500
3247,175,21,2023-11-12,capital_call,6250
3260,177,12,2023-11-12,capital_call,25000
878,43,11,2023-11-13,capital_call,3333
1068,53,18,2023-11-13,capital_call,2500
2933,158,2,2023-11-13,capital_call,5000
3309,179,14,2023-11-13,capital_call,2000
3338,180,19,2023-11-13,capital_call,83333
3464,186,16,2023-11-13,capital_call,50000
3581,193,10,2023-11-13,distribution,27471
1509,79,21,2023-11-14,capital_call,62500
1542,81,11,2023-11-14,capital_call,33333
1644,87,4,2023-11-14,capital_call,20000
3187,171,6,2023-11-14,capital_call,25000
569,28,11,2023-11-15,capital_call,8333
2279,118,2,2023-11-15,capital_call,50000
2475,128,6,2023-11-15,fee,2500
2986,160,4,2023-11-15,capital_call,5000
2845,152,9,2023-11-16,capital_call,2000
3210,174,9,2023-11-16,capital_call,5000
469,25,16,2023-11-17,capital_call,2000
873,43,12,2023-11-17,capital_call,12500
3528,190,12,2023-11-17,capital_call,12500
1794,94,9,2023-11-18,subscription,10000
2027,107,20,2023-11-18,capital_call,5000
923,45,6,2023-11-19,capital_call,8333
1023,49,19,2023-11-19,capital_call,3333
1589,83,17,2023-11-19,capital_call,10000
2036,107,17,2023-11-19,capital_call,25000
3230,175,4,2023-11-19,capital_call,50000
66,4,18,2023-11-20,capital_call,20000
207,10,8,2023-11-20,distribution,18411
1390,72,21,2023-11-20,capital_call,83333
1865,98,18,2023-11-20,capital_call,2500
769,37,15,2023-11-21,distribution,8037
1958,101,14,2023-11-21,capital_call,12500
2342,119,4,2023-11-21,fee,500
2552,132,14,2023-11-21,distribution,10974
3313,179,14,2023-11-21,fee,100
192,10,4,2023-11-22,capital_call,50000
505,26,18,2023-11-22,capital_call,3333
765,37,15,2023-11-22,capital_call,5000
1276,66,15,2023-11-22,capital_call,12500
1711,90,11,2023-11-22,capital_call,50000
3419,185,6,2023-11-22,capital_call,20000
758,36,11,2023-11-23,capital_call,50000
890,45,12,2023-11-23,capital_call,6250
1000,48,13,2023-11-23,distribution,33374
1081,54,23,2023-11-23,distribution,10906
1212,62,2,2023-11-23,capital_call,8333
2810,150,11,2023-11-23,capital_call,50000
3413,185,19,2023-11-23,capital_call,3333
338,16,6,2023-11-24,capital_call,25000
544,28,18,2023-11-24,capital_call,5000
622,30,22,2023-11-24,subscription,25000
1669,88,7,2023-11-24,subscription,100000
2072,108,2,2023-11-24,fee,2500
2444,125,16,2023-11-24,capital_call,83333
2195,113,6,2023-11-25,capital_call,50000
2208,113,10,2023-11-25,capital_call,8333
2311,119,12,2023-11-25,capital_call,5000
2939,158,16,2023-11-25,capital_call,50000
709,34,18,2023-11-26,fee,100
1173,60,12,2023-11-26,capital_call,16667
1805,95,16,2023-11-26,subscription,50000
2176,112,7,2023-11-26,capital_call,2500
2555,132,19,2023-11-26,capital_call,3333
3108,167,23,2023-11-26,subscription,25000
3223,175,22,2023-11-26,capital_call,6250
1199,61,1,2023-11-27,subscription,10000
1964,101,11,2023-11-27,capital_call,2000
629,31,8,2023-11-28,capital_call,16667
1450,75,18,2023-11-29,fee,100
2583,134,19,2023-11-29,subscription,50000
692,34,12,2023-11-30,capital_call,10000
830,42,5,2023-11-30,capital_call,5000
1899,99,14,2023-11-30,capital_call,83333
3146,169,10,2023-11-30,distribution,3988
489,26,3,2023-12-01,subscription,10000
1188,61,11,2023-12-01,subscription,50000
1553,81,16,2023-12-01,capital_call,25000
2594,134,22,2023-12-01,fee,2500
2800,148,16,2023-12-01,capital_call,5000
3177,171,7,2023-12-01,capital_call,5000
3276,177,23,2023-12-01,distribution,28883
736,36,18,2023-12-03,fee,500
3070,165,12,2023-12-03,fee,2500
3152,170,5,2023-12-03,capital_call,20000
255,12,2,2023-12-04,capital_call,12500
743,36,6,2023-12-04,capital_call,83333
2076,109,15,2023-12-04,capital_call,62500
2825,151,23,2023-12-04,distribution,26204
3635,196,8,2023-12-04,distribution,3831
238,11,18,2023-12-05,capital_call,62500
977,47,18,2023-12-05,capital_call,12500
1205,62,14,2023-12-05,capital_call,6250
1560,81,22,2023-12-05,capital_call,10000
2328,119,21,2023-12-05,capital_call,12500
2510,130,7,2023-12-05,fee,100
2994,160,4,2023-12-05,redemption,18760
1459,75,23,2023-12-06,distribution,7716
244,12,21,2023-12-07,capital_call,25000
1066,52,16,2023-12-07,distribution,10954
2032,107,18,2023-12-07,capital_call,3333
2589,134,22,2023-12-07,capital_call,50000
2887,156,12,2023-12-07,capital_call,5000
317,15,2,2023-12-08,fee,1000
818,41,13,2023-12-08,distribution,2641
2867,154,22,2023-12-08,capital_call,2000
2871,155,18,2023-12-08,capital_call,83333
2977,160,21,2023-12-08,capital_call,25000
420,22,18,2023-12-09,capital_call,5000
775,38,23,2023-12-09,fee,250
1338,70,4,2023-12-09,capital_call,2000
2573,133,2,2023-12-09,distribution,1288
3640,196,16,2023-12-09,capital_call,20000
1315,69,21,2023-12-10,capital_call,2500
1937,101,8,2023-12-10,fee,2500
3100,166,12,2023-12-10,capital_call,12500
964,47,14,2023-12-11,distribution,8315
1061,52,14,2023-12-11,fee,1000
1356,70,7,2023-12-11,capital_call,20000
2604,135,7,2023-12-11,capital_call,20000
3686,200,11,2023-12-11,capital_call,33333
1651,87,18,2023-12-12,capital_call,2000
3487,188,5,2023-12-12,subscription,50000
1240,63,4,2023-12-13,redemption,5921
707,34,18,2023-12-14,capital_call,3333
912,45,19,2023-12-14,capital_call,2000
3236,175,8,2023-12-14,capital_call,25000
2380,121,4,2023-12-15,capital_call,10000
3023,162,5,2023-12-15,capital_call,2500
1033,51,21,2023-12-16,capital_call,62500
1395,72,11,2023-12-16,capital_call,2000
2432,125,6,2023-12-16,capital_call,33333
850,43,3,2023-12-17,subscription,100000
934,46,7,2023-12-17,capital_call,10000
1464,76,18,2023-12-17,capital_call,83333
1950,101,9,2023-12-17,capital_call,6250
2098,109,1,2023-12-17,capital_call,12500
3068,165,12,2023-12-17,capital_call,125000
3648,196,2,2023-12-17,capital_call,12500
885,44,11,2023-12-18,capital_call,25000
1800,94,23,2023-12-18,subscription,10000
2498,128,3,2023-12-18,subscription,100000
3610,194,21,2023-12-18,capital_call,6250
3083,166,6,2023-12-19,capital_call,25000
341,16,6,2023-12-20,fee,1000
781,38,21,2023-12-20,subscription,10000
1176,61,13,2023-12-20,subscription,100000
1789,94,15,2023-12-20,capital_call,12500
1833,96,12,2023-12-20,capital_call,50000
1905,99,21,2023-12-20,capital_call,2500
2388,121,19,2023-12-20,capital_call,10000
2481,128,18,2023-12-20,subscription,10000
3303,179,23,2023-12-20,capital_call,8333
3431,185,12,2023-12-20,fee,100
952,47,11,2023-12-21,capital_call,5000
1156,59,16,2023-12-21,capital_call,8333
3457,186,1,2023-12-21,capital_call,20000
3465,186,16,2023-12-21,capital_call,50000
153,8,12,2023-12-22,capital_call,83333
1811,95,13,2023-12-22,subscription,10000
2477,128,19,2023-12-22,capital_call,6250
3328,180,4,2023-12-22,capital_call,50000
3478,188,4,2023-12-22,subscription,100000
3513,190,18,2023-12-22,capital_call,2500
82,4,1,2023-12-23,distribution,7407
326,15,1,2023-12-23,capital_call,2500
383,20,15,2023-12-23,subscription,250000
444,24,4,2023-12-23,capital_call,12500
609,30,9,2023-12-23,subscription,100000
1593,83,17,2023-12-23,fee,500
2448,125,3,2023-12-23,subscription,25000
2627,136,3,2023-12-23,subscription,100000
286,14,3,2023-12-24,subscription,25000
735,36,18,2023-12-24,capital_call,25000
1194,61,5,2023-12-24,subscription,50000
1438,75,4,2023-12-24,redemption,23256
3285,178,7,2023-12-24,capital_call,62500
128,7,23,2023-12-25,distribution,4827
1931,100,21,2023-12-25,capital_call,8333
2037,107,17,2023-12-25,capital_call,25000
3016,162,3,2023-12-25,subscription,10000
2192,113,8,2023-12-26,distribution,9359
2304,118,16,2023-12-26,capital_call,5000
506,26,18,2023-12-27,capital_call,3333
1818,96,23,2023-12-27,subscription,10000
3415,185,19,2023-12-27,fee,100
54,4,22,2023-12-28,distribution,12411
796,39,5,2023-12-28,capital_call,10000
874,43,12,2023-12-28,capital_call,12500
1614,86,13,2023-12-28,subscription,250000
1925,100,8,2023-12-28,fee,2500
3114,167,13,2023-12-28,capital_call,2500
2406,122,8,2023-12-29,capital_call,12500
2880,156,3,2023-12-29,subscription,25000
880,43,11,2023-12-30,fee,100
1823,96,20,2023-12-30,subscription,10000
3584,194,11,2023-12-30,capital_call,2000
693,34,12,2023-12-31,capital_call,10000
1827,96,5,2024-01-01,subscription,100000
3342,180,3,2024-01-01,subscription,25000
3467,186,16,2024-01-01,fee,2500
367,18,12,2024-01-02,capital_call,2000
470,25,16,2024-01-02,capital_call,2000
791,39,23,2024-01-02,distribution,8203
879,43,11,2024-01-02,capital_call,3333
1312,69,1,2024-01-02,distribution,6254
1500,78,23,2024-01-02,capital_call,83333
2668,139,5,2024-01-02,capital_call,125000
3595,194,5,2024-01-02,capital_call,5000
330,16,7,2024-01-03,capital_call,20000
834,42,5,2024-01-03,fee,250
1392,72,21,2024-01-03,fee,2500
1543,81,11,2024-01-03,capital_call,33333
1656,87,3,2024-01-03,subscription,25000
3439,185,9,2024-01-03,capital_call,62500
1672,88,7,2024-01-04,fee,1000
2078,109,15,2024-01-04,distribution,43039
2320,119,2,2024-01-04,capital_call,20000
891,45,12,2024-01-05,capital_call,6250
1304,69,2,2024-01-05,redemption,53030
3261,177,12,2024-01-05,capital_call,25000
316,15,2,2024-01-06,capital_call,20000
472,25,16,2024-01-06,fee,100
759,36,11,2024-01-06,capital_call,50000
1625,86,21,2024-01-06,subscription,100000
2151,111,19,2024-01-06,capital_call,10000
3243,175,18,2024-01-06,fee,2500
1481,77,14,2024-01-07,distribution,33022
1590,83,17,2024-01-07,capital_call,10000
2191,113,8,2024-01-07,capital_call,10000
2982,160,5,2024-01-07,fee,1000
929,46,4,2024-01-08,capital_call,20000
2596,134,5,2024-01-08,capital_call,25000
3460,186,1,2024-01-08,redemption,54091
436,24,7,2024-01-09,capital_call,50000
997,48,13,2024-01-09,capital_call,20000
3194,172,4,2024-01-09,fee,2500
388,20,18,2024-01-10,subscription,25000
1182,61,22,2024-01-10,subscription,25000
1218,62,5,2024-01-10,capital_call,25000
1580,83,23,2024-01-10,capital_call,2000
2878,156,5,2024-01-10,capital_call,125000
984,48,16,2024-01-11,capital_call,6250
1367,71,14,2024-01-11,capital_call,6250
1516,79,5,2024-01-11,capital_call,5000
1984,102,11,2024-01-11,subscription,250000
3488,188,5,2024-01-11,capital_call,16667
345,16,16,2024-01-12,capital_call,2000
1561,81,22,2024-01-12,capital_call,10000
2363,120,3,2024-01-12,subscription,10000
1406,72,4,2024-01-13,redemption,32052
1910,99,20,2024-01-13,capital_call,2500
1973,102,23,2024-01-13,subscription,25000
2132,110,10,2024-01-13,distribution,8821
2576,134,10,2024-01-13,subscription,250000
282,14,19,2024-01-14,capital_call,2000
618,30,3,2024-01-14,subscription,10000
972,47,4,2024-01-14,capital_call,5000
1086,54,18,2024-01-14,capital_call,2000
1645,87,4,2024-01-14,capital_call,20000
1734,91,12,2024-01-14,fee,1000
1952,101,9,2024-01-14,fee,250
2254,116,2,2024-01-14,distribution,1835
613,30,2,2024-01-15,subscription,250000
671,33,11,2024-01-15,capital_call,25000
1530,79,13,2024-01-15,capital_call,16667
1806,95,16,2024-01-15,capital_call,12500
2005,105,5,2024-01-15,subscription,25000
2089,109,20,2024-01-15,capital_call,83333
450,24,11,2024-01-16,capital_call,25000
681,33,13,2024-01-16,capital_call,2000
905,45,16,2024-01-16,capital_call,5000
1465,76,18,2024-01-16,capital_call,83333
1876,98,12,2024-01-16,capital_call,20000
2329,119,21,2024-01-16,capital_call,12500
3066,165,11,2024-01-16,capital_call,50000
3651,196,12,2024-01-16,capital_call,5000
1010,49,6,2024-01-17,fee,500
1111,55,2,2024-01-17,subscription,100000
1492,78,8,2024-01-17,capital_call,12500
1248,64,2,2024-01-18,distribution,2816
1782,94,20,2024-01-18,subscription,100000
1815,95,13,2024-01-18,fee,100
2872,155,18,2024-01-18,capital_call,83333
2978,160,21,2024-01-18,capital_call,25000
606,30,16,2024-01-19,subscription,50000
825,42,23,2024-01-19,distribution,35607
2014,105,4,2024-01-19,subscription,25000
2257,116,3,2024-01-19,subscription,50000
2620,136,20,2024-01-19,subscription,250000
1060,52,14,2024-01-20,capital_call,25000
1790,94,15,2024-01-20,capital_call,12500
2433,125,6,2024-01-20,fee,1000
777,38,20,2024-01-21,capital_call,83333
1157,59,16,2024-01-21,capital_call,8333
2608,136,5,2024-01-21,capital_call,6250
248,12,21,2024-01-22,distribution,7353
637,31,3,2024-01-22,subscription,10000
3134,169,12,2024-01-22,capital_call,83333
545,28,18,2024-01-23,capital_call,5000
683,33,13,2024-01-23,distribution,2072
1278,66,15,2024-01-23,distribution,7257
1449,75,18,2024-01-23,capital_call,5000
1512,79,21,2024-01-23,fee,2500
1885,99,11,2024-01-23,capital_call,83333
2298,118,1,2024-01-23,capital_call,83333
3036,162,1,2024-01-23,distribution,15739
1692,90,16,2024-01-24,capital_call,5000
2101,110,3,2024-01-24,subscription,250000
2343,120,21,2024-01-24,subscription,100000
2482,128,18,2024-01-24,capital_call,2000
2535,130,11,2024-01-24,capital_call,3333
3248,175,21,2024-01-24,capital_call,6250
482,25,22,2024-01-25,distribution,98104
886,44,11,2024-01-25,capital_call,25000
1708,90,20,2024-01-25,distribution,13784
1730,91,12,2024-01-25,capital_call,25000
2166,112,5,2024-01-25,capital_call,8333
2183,112,11,2024-01-25,capital_call,3333
2628,136,3,2024-01-25,capital_call,33333
3184,171,7,2024-01-25,redemption,15608
92,4,20,2024-01-26,distribution,21103
831,42,5,2024-01-26,capital_call,5000
935,46,7,2024-01-26,capital_call,10000
1753,92,18,2024-01-26,capital_call,83333
1941,101,3,2024-01-26,subscription,250000
2859,154,20,2024-01-26,capital_call,10000
3079,165,2,2024-01-26,distribution,15961
3535,190,3,2024-01-26,subscription,10000
262,12,3,2024-01-27,subscription,25000
700,34,23,2024-01-27,capital_call,25000
797,39,5,2024-01-27,capital_call,10000
1181,61,13,2024-01-27,fee,1000
1619,86,20,2024-01-27,subscription,25000
2549,132,14,2024-01-27,capital_call,10000
2927,157,13,2024-01-27,distribution,93250
499,26,22,2024-01-28,capital_call,6250
2449,125,3,2024-01-28,capital_call,12500
647,32,1,2024-01-29,distribution,1974
2411,123,19,2024-01-29,capital_call,5000
3069,165,12,2024-01-29,capital_call,125000
3414,185,19,2024-01-29,capital_call,3333
3442,186,19,2024-01-29,capital_call,83333
1134,57,9,2024-01-30,redemption,19328
1374,72,18,2024-01-30,capital_call,10000
2605,135,7,2024-01-30,capital_call,20000
578,29,3,2024-01-31,subscription,100000
1568,82,3,2024-01-31,subscription,25000
1776,92,5,2024-01-31,capital_call,20000
2401,121,12,2024-01-31,capital_call,83333
1138,57,13,2024-02-01,fee,1000
1339,70,4,2024-02-01,capital_call,2000
2312,119,12,2024-02-01,capital_call,5000
305,15,19,2024-02-02,capital_call,2500
521,27,20,2024-02-02,subscription,250000
1828,96,5,2024-02-02,capital_call,33333
2196,113,6,2024-02-02,capital_call,50000
2330,119,21,2024-02-02,fee,500
2777,146,16,2024-02-03,distribution,14808
1812,95,13,2024-02-04,capital_call,3333
2292,118,18,2024-02-04,capital_call,25000
3562,192,4,2024-02-04,capital_call,50000
909,45,16,2024-02-05,distribution,8288
2210,113,10,2024-02-05,distribution,5516
2618,136,19,2024-02-06,fee,1000
3343,180,3,2024-02-07,capital_call,12500
3495,189,19,2024-02-07,fee,2500
688,34,2,2024-02-08,capital_call,5000
2584,134,19,2024-02-08,capital_call,25000
211,11,11,2024-02-09,capital_call,5000
1006,48,22,2024-02-09,distribution,17314
1302,69,2,2024-02-09,capital_call,20000
2625,136,20,2024-02-09,fee,2500
1503,78,21,2024-02-10,capital_call,125000
1906,99,21,2024-02-10,capital_call,2500
2056,107,23,2024-02-10,capital_call,50000
2113,110,16,2024-02-10,redemption,47893
3164,170,17,2024-02-10,distribution,38223
70,4,18,2024-02-11,fee,1000
633,31,23,2024-02-11,capital_call,5000
694,34,12,2024-02-11,capital_call,10000
2099,109,1,2024-02-11,capital_call,12500
2201,113,3,2024-02-11,subscription,25000
2904,157,22,2024-02-11,distribution,33345
3241,175,18,2024-02-11,capital_call,62500
3514,190,18,2024-02-11,capital_call,2500
3582,193,10,2024-02-11,distribution,37319
604,29,14,2024-02-12,distribution,6489
856,43,3,2024-02-12,fee,1000
1657,87,3,2024-02-13,capital_call,6250
2559,132,11,2024-02-13,capital_call,16667
67,4,18,2024-02-14,capital_call,20000
3080,165,2,2024-02-14,redemption,20240
129,7,3,2024-02-15,subscription,10000
162,8,1,2024-02-15,distribution,13371
967,47,14,2024-02-15,redemption,78954
1819,96,23,2024-02-15,capital_call,3333
1979,102,4,2024-02-15,subscription,25000
2631,136,3,2024-02-15,fee,1000
2836,151,11,2024-02-15,capital_call,25000
3048,164,20,2024-02-15,subscription,100000
26,2,19,2024-02-16,capital_call,5000
230,11,12,2024-02-16,capital_call,16667
1202,61,1,2024-02-16,fee,100
1510,79,21,2024-02-16,capital_call,62500
1623,86,20,2024-02-16,fee,250
2669,139,5,2024-02-16,capital_call,125000
2990,160,4,2024-02-16,distribution,9862
3339,180,19,2024-02-16,capital_call,83333
510,27,11,2024-02-17,subscription,25000
2615,136,19,2024-02-17,capital_call,33333
3007,161,15,2024-02-17,subscription,10000
208,10,8,2024-02-18,distribution,76632
1932,100,21,2024-02-18,capital_call,8333
2511,130,7,2024-02-18,distribution,2456
3084,166,6,2024-02-18,capital_call,25000
318,15,2,2024-02-19,distribution,31623
437,24,7,2024-02-19,capital_call,50000
635,31,23,2024-02-19,fee,100
770,37,15,2024-02-19,distribution,3086
1573,83,2,2024-02-19,capital_call,5000
2286,118,11,2024-02-19,capital_call,62500
1195,61,5,2024-02-20,capital_call,25000
1488,77,21,2024-02-20,capital_call,62500
1916,100,14,2024-02-20,capital_call,125000
2987,160,4,2024-02-20,capital_call,5000
446,24,4,2024-02-21,fee,500
1177,61,13,2024-02-21,capital_call,25000
299,14,11,2024-02-22,capital_call,83333
570,28,11,2024-02-22,capital_call,8333
750,36,12,2024-02-22,capital_call,20000
953,47,11,2024-02-22,capital_call,5000
965,47,14,2024-02-22,distribution,33136
1101,54,9,2024-02-22,distribution,1965
1631,86,17,2024-02-22,subscription,250000
2015,105,4,2024-02-22,capital_call,8333
2556,132,19,2024-02-22,capital_call,3333
3598,194,5,2024-02-22,fee,250
193,10,4,2024-02-23,capital_call,50000
447,24,4,2024-02-23,distribution,4569
1325,69,6,2024-02-23,capital_call,10000
1526,79,12,2024-02-23,capital_call,50000
3420,185,6,2024-02-23,capital_call,20000
3501,189,16,2024-02-23,capital_call,20000
708,34,18,2024-02-25,capital_call,3333
838,42,16,2024-02-25,fee,100
1200,61,1,2024-02-25,capital_call,5000
2033,107,18,2024-02-25,capital_call,3333
581,29,3,2024-02-26,fee,1000
1001,48,13,2024-02-26,distribution,7051
2048,107,21,2024-02-26,distribution,1634
2414,123,3,2024-02-26,subscription,250000
3178,171,7,2024-02-26,capital_call,5000
772,38,23,2024-02-27,capital_call,8333
2110,110,16,2024-02-27,capital_call,20000
2888,156,12,2024-02-27,capital_call,5000
490,26,3,2024-02-28,capital_call,2500
1610,85,6,2024-02-28,capital_call,5000
1652,87,18,2024-02-28,capital_call,2000
1877,98,12,2024-02-28,capital_call,20000
2289,118,11,2024-02-28,fee,2500
2483,128,18,2024-02-28,capital_call,2000
2517,130,3,2024-02-28,subscription,25000
3489,188,5,2024-02-28,capital_call,16667
464,25,18,2024-02-29,capital_call,83333
610,30,9,2024-02-29,capital_call,50000
943,46,17,2024-02-29,capital_call,10000
1069,53,18,2024-02-29,capital_call,2500
1391,72,21,2024-02-29,capital_call,83333
1717,91,18,2024-02-29,capital_call,16667
2226,114,10,2024-02-29,distribution,24852
85,4,1,2024-03-01,redemption,5635
579,29,3,2024-03-01,capital_call,50000
851,43,3,2024-03-02,capital_call,20000
623,30,22,2024-03-03,capital_call,6250
638,31,3,2024-03-03,capital_call,5000
2493,128,8,2024-03-03,capital_call,12500
346,16,16,2024-03-06,capital_call,2000
1227,63,10,2024-03-06,distribution,72593
1663,88,22,2024-03-06,capital_call,8333
2152,111,19,2024-03-06,capital_call,10000
3211,174,3,2024-03-06,subscription,250000
413,22,1,2024-03-07,capital_call,5000
1851,97,21,2024-03-07,distribution,94557
1921,100,4,2024-03-07,capital_call,8333
2470,128,6,2024-03-07,capital_call,50000
2496,128,8,2024-03-07,fee,500
3203,174,13,2024-03-07,distribution,2651
23,2,17,2024-03-08,distribution,17646
2167,112,5,2024-03-08,fee,250
2258,116,3,2024-03-08,capital_call,10000
2590,134,22,2024-03-08,capital_call,50000
154,8,12,2024-03-09,capital_call,83333
1472,77,7,2024-03-09,distribution,82470
1985,102,11,2024-03-09,capital_call,62500
1238,63,4,2024-03-10,capital_call,2000
1969,102,17,2024-03-10,subscription,250000
2629,136,3,2024-03-10,capital_call,33333
607,30,16,2024-03-11,capital_call,25000
713,34,20,2024-03-11,capital_call,5000
1562,81,22,2024-03-11,capital_call,10000
3538,190,3,2024-03-12,fee,100
3687,200,11,2024-03-12,capital_call,33333
930,46,4,2024-03-13,capital_call,20000
2064,108,23,2024-03-13,capital_call,12500
2155,111,19,2024-03-13,distribution,9049
2445,125,16,2024-03-13,capital_call,83333
3173,171,10,2024-03-13,distribution,30201
3250,175,21,2024-03-13,fee,250
12,2,12,2024-03-14,capital_call,5000
549,28,18,2024-03-14,fee,250
2718,142,12,2024-03-14,subscription,250000
3024,162,5,2024-03-14,capital_call,2500
389,20,18,2024-03-15,capital_call,8333
1038,51,11,2024-03-15,capital_call,2000
1799,94,9,2024-03-15,fee,100
2008,105,7,2024-03-15,subscription,25000
2263,116,3,2024-03-15,fee,500
3424,185,6,2024-03-15,distribution,36552
256,12,2,2024-03-16,capital_call,12500
827,42,23,2024-03-16,redemption,53797
2047,107,21,2024-03-16,capital_call,3333
2585,134,19,2024-03-16,capital_call,25000
3127,168,14,2024-03-16,subscription,50000
3188,171,6,2024-03-16,fee,500
507,26,18,2024-03-17,capital_call,3333
2080,109,3,2024-03-17,subscription,250000
2280,118,2,2024-03-17,capital_call,50000
2305,118,16,2024-03-17,capital_call,5000
2892,156,12,2024-03-17,fee,250
3003,161,14,2024-03-17,subscription,25000
2382,121,4,2024-03-18,distribution,6055
2678,140,3,2024-03-18,subscription,10000
3611,194,21,2024-03-18,capital_call,6250
900,45,2,2024-03-19,capital_call,10000
1666,88,22,2024-03-19,fee,250
1893,99,12,2024-03-19,capital_call,2500
2700,142,4,2024-03-19,subscription,25000
3088,166,3,2024-03-19,subscription,250000
819,41,13,2024-03-20,distribution,16799
906,45,16,2024-03-20,capital_call,5000
916,45,19,2024-03-20,fee,100
998,48,13,2024-03-20,capital_call,20000
1316,69,21,2024-03-20,capital_call,2500
1965,101,11,2024-03-20,capital_call,2000
527,27,22,2024-03-21,subscription,100000
1219,62,5,2024-03-21,capital_call,25000
2040,107,17,2024-03-21,distribution,22523
2071,108,2,2024-03-21,capital_call,125000
3076,165,2,2024-03-21,capital_call,10000
3286,178,7,2024-03-21,capital_call,62500
939,46,7,2024-03-22,fee,500
1866,98,18,2024-03-22,capital_call,2500
2079,109,15,2024-03-22,distribution,87210
3122,168,10,2024-03-22,subscription,10000
307,15,19,2024-03-23,fee,100
1158,59,16,2024-03-23,fee,250
1361,71,5,2024-03-23,capital_call,62500
130,7,3,2024-03-24,capital_call,2500
267,12,3,2024-03-24,fee,250
3000,161,17,2024-03-24,subscription,10000
3109,167,23,2024-03-24,capital_call,5000
3344,180,3,2024-03-24,capital_call,12500
1368,71,14,2024-03-25,capital_call,6250
1974,102,23,2024-03-25,capital_call,6250
2597,134,5,2024-03-25,capital_call,25000
1517,79,5,2024-03-26,capital_call,5000
1795,94,9,2024-03-26,capital_call,2500
2577,134,10,2024-03-26,capital_call,50000
287,14,3,2024-03-27,capital_call,5000
766,37,15,2024-03-27,capital_call,5000
2102,110,3,2024-03-27,capital_call,62500
2811,150,11,2024-03-27,capital_call,50000
630,31,8,2024-03-28,capital_call,16667
887,44,11,2024-03-28,capital_call,25000
1416,73,13,2024-03-28,distribution,34510
3310,179,14,2024-03-28,capital_call,2000
3443,186,19,2024-03-28,capital_call,83333
3466,186,16,2024-03-28,capital_call,50000
3596,194,5,2024-03-28,capital_call,5000
1783,94,20,2024-03-29,capital_call,33333
1831,96,5,2024-03-29,fee,1000
515,27,19,2024-03-30,subscription,100000
843,42,3,2024-03-30,subscription,10000
1670,88,7,2024-03-30,capital_call,50000
291,14,3,2024-03-31,fee,250
1591,83,17,2024-03-31,capital_call,10000
1824,96,20,2024-03-31,capital_call,3333
1834,96,12,2024-03-31,capital_call,50000
2988,160,4,2024-03-31,capital_call,5000
3262,177,12,2024-03-31,capital_call,25000
71,4,18,2024-04-01,distribution,28738
1174,60,12,2024-04-01,capital_call,16667
1213,62,2,2024-04-01,capital_call,8333
522,27,20,2024-04-02,capital_call,50000
1531,79,13,2024-04-02,capital_call,16667
614,30,2,2024-04-03,capital_call,62500
3231,175,4,2024-04-03,capital_call,50000
445,24,4,2024-04-04,capital_call,12500
1341,70,4,2024-04-04,distribution,2561
1813,95,13,2024-04-04,capital_call,3333
2478,128,19,2024-04-04,capital_call,6250
3505,189,16,2024-04-04,redemption,36427
331,16,7,2024-04-05,capital_call,20000
2794,147,20,2024-04-05,subscription,25000
471,25,16,2024-04-06,capital_call,2000
2369,120,20,2024-04-06,subscription,50000
3085,166,6,2024-04-07,capital_call,25000
619,30,3,2024-04-08,capital_call,5000
2389,121,19,2024-04-08,capital_call,10000
2712,142,3,2024-04-08,subscription,25000
2721,142,7,2024-04-08,subscription,100000
689,34,2,2024-04-09,capital_call,5000
2418,123,3,2024-04-09,fee,2500
2934,158,2,2024-04-09,capital_call,5000
3101,166,12,2024-04-09,capital_call,12500
245,12,21,2024-04-10,capital_call,25000
339,16,6,2024-04-10,capital_call,25000
1046,51,6,2024-04-10,distribution,89966
1989,102,11,2024-04-10,fee,2500
258,12,2,2024-04-11,distribution,2953
1139,57,13,2024-04-11,distribution,19587
3277,177,23,2024-04-11,distribution,11144
3613,194,21,2024-04-11,distribution,5112
1482,77,14,2024-04-12,distribution,66708
2211,113,10,2024-04-13,distribution,5409
2494,128,8,2024-04-13,capital_call,12500
3165,170,17,2024-04-13,distribution,81730
3515,190,18,2024-04-13,capital_call,2500
695,34,12,2024-04-14,capital_call,10000
1024,49,19,2024-04-14,capital_call,3333
2197,113,6,2024-04-14,capital_call,50000
3329,180,4,2024-04-14,capital_call,50000
3536,190,3,2024-04-14,capital_call,5000
780,38,20,2024-04-15,fee,2500
2348,120,4,2024-04-15,subscription,100000
2600,134,5,2024-04-15,fee,1000
3179,171,7,2024-04-15,capital_call,5000
1189,61,11,2024-04-16,capital_call,16667
1357,70,7,2024-04-16,capital_call,20000
1611,85,6,2024-04-16,capital_call,5000
2077,109,15,2024-04-16,capital_call,62500
2873,155,18,2024-04-16,capital_call,83333
2912,157,7,2024-04-16,distribution,21383
3341,180,19,2024-04-16,fee,2500
3502,189,16,2024-04-16,capital_call,20000
55,4,22,2024-04-17,distribution,3718
384,20,15,2024-04-17,capital_call,62500
2407,122,8,2024-04-17,capital_call,12500
3180,171,7,2024-04-17,distribution,9127
3340,180,19,2024-04-18,capital_call,83333
283,14,19,2024-04-19,capital_call,2000
611,30,9,2024-04-19,capital_call,50000
715,35,17,2024-04-19,subscription,25000
1878,98,12,2024-04-19,capital_call,20000
2106,110,3,2024-04-19,fee,2500
2299,118,1,2024-04-19,capital_call,83333
2879,156,5,2024-04-19,fee,2500
3212,174,3,2024-04-19,capital_call,50000
634,31,23,2024-04-20,capital_call,5000
1626,86,21,2024-04-20,capital_call,20000
3011,161,22,2024-04-20,subscription,100000
913,45,19,2024-04-21,capital_call,2000
978,47,18,2024-04-21,capital_call,12500
1326,69,6,2024-04-21,capital_call,10000
1942,101,3,2024-04-21,capital_call,83333
1959,101,14,2024-04-21,distribution,3735
2038,107,17,2024-04-21,capital_call,25000
2621,136,20,2024-04-21,capital_call,62500
3153,170,5,2024-04-21,capital_call,20000
3017,162,3,2024-04-22,capital_call,5000
3545,191,8,2024-04-22,subscription,25000
773,38,23,2024-04-23,capital_call,8333
931,46,4,2024-04-23,capital_call,20000
1754,92,18,2024-04-23,capital_call,83333
2801,148,16,2024-04-23,capital_call,5000
3049,164,20,2024-04-23,capital_call,20000
782,38,21,2024-04-24,capital_call,3333
1396,72,11,2024-04-24,capital_call,2000
1544,81,11,2024-04-24,capital_call,33333
1801,94,23,2024-04-24,capital_call,5000
2364,120,3,2024-04-24,capital_call,5000
3522,190,4,2024-04-24,distribution,7388
83,4,1,2024-04-25,distribution,6139
1116,55,14,2024-04-25,subscription,50000
1378,72,18,2024-04-25,fee,500
2598,134,5,2024-04-25,capital_call,25000
3479,188,4,2024-04-25,capital_call,20000
3484,188,4,2024-04-25,fee,1000
672,33,11,2024-04-26,capital_call,25000
2512,130,7,2024-04-26,distribution,2463
2863,154,20,2024-04-26,fee,500
3147,169,10,2024-04-26,distribution,3759
3540,191,12,2024-04-26,subscription,10000
155,8,12,2024-04-27,capital_call,83333
534,27,8,2024-04-27,subscription,50000
1206,62,14,2024-04-27,capital_call,6250
1926,100,8,2024-04-27,distribution,62501
1951,101,9,2024-04-27,capital_call,6250
1986,102,11,2024-04-27,capital_call,62500
2499,128,3,2024-04-27,capital_call,33333
3135,169,12,2024-04-27,capital_call,83333
3612,194,21,2024-04-27,capital_call,6250
1034,51,21,2024-04-28,capital_call,62500
2451,125,3,2024-04-28,fee,250
2868,154,22,2024-04-28,capital_call,2000
3115,167,13,2024-04-28,capital_call,2500
3217,174,3,2024-04-28,fee,2500
3458,186,1,2024-04-28,capital_call,20000
3606,194,9,2024-04-28,distribution,2794
3652,196,12,2024-04-28,capital_call,5000
321,15,2,2024-04-29,redemption,34875
1697,90,16,2024-04-29,redemption,17061
232,11,12,2024-04-30,fee,500
674,33,11,2024-04-30,fee,1000
1089,54,18,2024-04-30,fee,100
1518,79,5,2024-04-30,capital_call,5000
1784,94,20,2024-04-30,capital_call,33333
1867,98,18,2024-04-30,capital_call,2500
2313,119,12,2024-05-01,capital_call,5000
3263,177,12,2024-05-01,capital_call,25000
546,28,18,2024-05-02,capital_call,5000
1886,99,11,2024-05-02,capital_call,83333
1970,102,17,2024-05-02,capital_call,125000
2408,122,8,2024-05-02,fee,250
2642,137,9,2024-05-02,subscription,25000
3641,196,16,2024-05-02,capital_call,20000
720,35,6,2024-05-03,subscription,100000
2471,128,6,2024-05-03,capital_call,50000
2701,142,4,2024-05-03,capital_call,5000
3311,179,14,2024-05-03,capital_call,2000
3421,185,6,2024-05-03,capital_call,20000
3574,192,7,2024-05-03,distribution,14831
1658,87,3,2024-05-04,capital_call,6250
1807,95,16,2024-05-04,capital_call,12500
2184,112,11,2024-05-04,capital_call,3333
3352,181,12,2024-05-04,subscription,25000
3382,183,13,2024-05-04,subscription,10000
516,27,19,2024-05-05,capital_call,20000
973,47,4,2024-05-05,capital_call,5000
1196,61,5,2024-05-05,capital_call,25000
1615,86,13,2024-05-05,capital_call,125000
1664,88,22,2024-05-05,capital_call,8333
2356,120,23,2024-05-05,subscription,25000
2995,161,4,2024-05-05,subscription,250000
1466,76,18,2024-05-06,fee,2500
1632,86,17,2024-05-06,capital_call,62500
3330,180,4,2024-05-06,distribution,66768
3388,183,21,2024-05-06,subscription,250000
68,4,18,2024-05-07,capital_call,20000
201,10,2,2024-05-07,distribution,1842
332,16,7,2024-05-07,capital_call,20000
1574,83,2,2024-05-07,capital_call,5000
2415,123,3,2024-05-07,capital_call,83333
2726,142,7,2024-05-07,fee,1000
572,28,11,2024-05-08,fee,250
3599,194,5,2024-05-08,distribution,9930
511,27,11,2024-05-09,capital_call,8333
605,29,14,2024-05-09,distribution,36545
936,46,7,2024-05-09,capital_call,10000
966,47,14,2024-05-09,distribution,9251
1731,91,12,2024-05-09,capital_call,25000
2168,112,5,2024-05-09,distribution,8671
2518,130,3,2024-05-09,capital_call,8333
3004,161,14,2024-05-09,capital_call,8333
1183,61,22,2024-05-11,capital_call,6250
1279,66,15,2024-05-11,distribution,14573
2574,133,2,2024-05-11,distribution,6029
2707,142,6,2024-05-11,subscription,100000
2713,142,3,2024-05-11,capital_call,8333
368,18,12,2024-05-12,capital_call,2000
508,26,18,2024-05-12,fee,100
1208,62,14,2024-05-12,distribution,4161
1861,97,13,2024-05-12,distribution,90355
1907,99,21,2024-05-12,capital_call,2500
2178,112,7,2024-05-12,distribution,912
3585,194,11,2024-05-12,capital_call,2000
375,19,19,2024-05-13,subscription,10000
703,34,23,2024-05-13,fee,1000
2259,116,3,2024-05-13,capital_call,10000
3037,162,1,2024-05-13,distribution,55034
27,2,19,2024-05-14,capital_call,5000
1379,72,18,2024-05-14,distribution,4363
1791,94,15,2024-05-14,fee,250
2016,105,4,2024-05-14,capital_call,8333
2402,121,12,2024-05-14,capital_call,83333
3249,175,21,2024-05-14,capital_call,6250
306,15,19,2024-05-15,capital_call,2500
832,42,5,2024-05-15,capital_call,5000
1317,69,21,2024-05-15,capital_call,2500
2495,128,8,2024-05-15,capital_call,12500
577,29,2,2024-05-16,distribution,7084
2156,111,19,2024-05-16,distribution,16111
2616,136,19,2024-05-16,capital_call,33333
3304,179,23,2024-05-16,fee,250
639,31,3,2024-05-17,capital_call,5000
1581,83,23,2024-05-17,capital_call,2000
2591,134,22,2024-05-17,capital_call,50000
2881,156,3,2024-05-17,capital_call,8333
3251,175,21,2024-05-17,distribution,3093
1820,96,23,2024-05-18,capital_call,3333
3054,164,16,2024-05-18,subscription,250000
231,11,12,2024-05-19,capital_call,16667
1192,61,11,2024-05-19,fee,500
1493,78,8,2024-05-19,capital_call,12500
1646,87,4,2024-05-19,capital_call,20000
2450,125,3,2024-05-19,capital_call,12500
2826,151,23,2024-05-19,distribution,30881
3242,175,18,2024-05-19,capital_call,62500
3636,196,8,2024-05-19,distribution,1065
778,38,20,2024-05-20,capital_call,83333
925,45,6,2024-05-20,distribution,7891
347,16,16,2024-05-21,capital_call,2000
1511,79,21,2024-05-21,capital_call,62500
2006,105,5,2024-05-21,capital_call,12500
3530,190,12,2024-05-21,distribution,7125
1228,63,10,2024-05-22,distribution,42489
1620,86,20,2024-05-22,capital_call,8333
2153,111,19,2024-05-22,capital_call,10000
2255,116,2,2024-05-22,distribution,1239
2795,147,20,2024-05-22,capital_call,6250
340,16,6,2024-05-23,capital_call,25000
714,34,20,2024-05-23,capital_call,5000
986,48,16,2024-05-23,distribution,4855
1087,54,18,2024-05-23,capital_call,2000
1090,54,18,2024-05-23,distribution,3599
1835,96,12,2024-05-23,capital_call,50000
2199,113,6,2024-05-23,fee,2500
2446,125,16,2024-05-23,distribution,25557
3468,186,16,2024-05-23,distribution,27500
263,12,3,2024-05-24,capital_call,6250
571,28,11,2024-05-24,capital_call,8333
1501,78,23,2024-05-24,capital_call,83333
1504,78,21,2024-05-24,capital_call,125000
2632,137,19,2024-05-24,subscription,100000
844,42,3,2024-05-25,capital_call,2500
1673,89,16,2024-05-25,subscription,25000
1911,99,20,2024-05-25,capital_call,2500
2636,137,14,2024-05-25,subscription,25000
2646,137,21,2024-05-25,subscription,50000
3490,188,5,2024-05-25,capital_call,16667
1443,75,7,2024-05-26,distribution,8037
1943,101,3,2024-05-26,capital_call,83333
2787,147,18,2024-05-26,subscription,25000
1460,75,23,2024-05-27,distribution,18498
439,24,7,2024-05-28,distribution,94385
892,45,12,2024-05-28,capital_call,6250
1563,81,22,2024-05-28,capital_call,10000
1894,99,12,2024-05-28,capital_call,2500
2057,107,23,2024-05-28,capital_call,50000
2081,109,3,2024-05-28,capital_call,62500
2281,118,2,2024-05-28,capital_call,50000
2484,128,18,2024-05-28,capital_call,2000
212,11,11,2024-05-29,capital_call,5000
458,25,23,2024-05-29,distribution,4416
1693,90,16,2024-05-29,capital_call,5000
1825,96,20,2024-05-29,capital_call,3333
2091,109,20,2024-05-29,distribution,91034
2860,154,20,2024-05-29,capital_call,10000
1829,96,5,2024-05-30,capital_call,33333
1881,98,12,2024-05-30,fee,1000
3156,170,5,2024-05-30,distribution,24566
1112,55,2,2024-05-31,capital_call,33333
2287,118,11,2024-05-31,capital_call,62500
448,24,4,2024-06-01,distribution,5295
1679,89,19,2024-06-01,subscription,10000
2479,128,19,2024-06-01,capital_call,6250
2716,142,3,2024-06-01,fee,250
3688,200,11,2024-06-01,capital_call,33333
3224,175,22,2024-06-02,distribution,9871
3480,188,4,2024-06-02,capital_call,20000
301,14,11,2024-06-03,fee,2500
701,34,23,2024-06-03,capital_call,25000
1777,92,5,2024-06-03,capital_call,20000
1933,100,21,2024-06-03,fee,250
2293,118,18,2024-06-03,fee,500
131,7,3,2024-06-04,capital_call,2500
917,45,19,2024-06-04,distribution,2473
1565,81,22,2024-06-04,distribution,4185
300,14,11,2024-06-05,capital_call,83333
721,35,6,2024-06-05,capital_call,20000
760,36,11,2024-06-05,fee,1000
2353,120,4,2024-06-05,fee,1000
620,30,3,2024-06-06,capital_call,5000
2802,148,16,2024-06-06,fee,100
3110,167,23,2024-06-06,capital_call,5000
580,29,3,2024-06-07,capital_call,50000
684,33,13,2024-06-07,distribution,2177
754,36,12,2024-06-07,fee,1000
2940,158,16,2024-06-07,distribution,14944
421,22,18,2024-06-08,fee,100
792,39,23,2024-06-08,distribution,2065
2065,108,23,2024-06-08,capital_call,12500
826,42,23,2024-06-09,distribution,39753
852,43,3,2024-06-09,capital_call,20000
3008,161,15,2024-06-09,capital_call,3333
45,3,2,2024-06-10,subscription,10000
239,11,18,2024-06-10,distribution,51342
2609,136,5,2024-06-10,capital_call,6250
451,24,11,2024-06-11,capital_call,25000
696,34,12,2024-06-11,capital_call,10000
730,36,4,2024-06-11,distribution,26396
2606,135,7,2024-06-11,capital_call,20000
3642,196,16,2024-06-11,capital_call,20000
2041,107,17,2024-06-12,distribution,32256
2560,132,11,2024-06-12,capital_call,16667
839,42,16,2024-06-13,distribution,989
2067,108,23,2024-06-13,distribution,13395
1627,86,21,2024-06-14,capital_call,20000
1796,94,9,2024-06-14,capital_call,2500
2111,110,16,2024-06-14,capital_call,20000
2650,138,6,2024-06-14,subscription,250000
2681,140,5,2024-06-14,subscription,250000
3348,181,10,2024-06-14,subscription,250000
483,25,22,2024-06-15,distribution,96831
503,26,22,2024-06-15,redemption,15080
3001,161,17,2024-06-15,capital_call,5000
3018,162,3,2024-06-15,capital_call,5000
798,39,5,2024-06-16,capital_call,10000
1239,63,4,2024-06-16,capital_call,2000
1358,70,7,2024-06-16,capital_call,20000
1604,84,22,2024-06-16,subscription,10000
2322,119,2,2024-06-16,distribution,38455
2344,120,21,2024-06-16,capital_call,33333
2349,120,4,2024-06-16,capital_call,25000
2847,153,23,2024-06-16,subscription,10000
2928,157,13,2024-06-16,distribution,82344
3204,174,13,2024-06-16,distribution,1135
333,16,7,2024-06-17,capital_call,20000
3459,186,1,2024-06-17,distribution,6127
1197,61,5,2024-06-18,fee,500
1653,87,18,2024-06-18,capital_call,2000
1785,94,20,2024-06-18,capital_call,33333
3005,161,14,2024-06-18,capital_call,8333
673,33,11,2024-06-20,capital_call,25000
937,46,7,2024-06-20,capital_call,10000
1047,51,6,2024-06-20,distribution,84395
1684,89,9,2024-06-20,subscription,10000
3425,185,6,2024-06-20,distribution,34491
2832,151,4,2024-06-21,distribution,3318
93,4,20,2024-06-22,distribution,37192
881,43,11,2024-06-22,distribution,944
1845,97,1,2024-06-22,distribution,4641
2714,142,3,2024-06-22,capital_call,8333
3050,164,20,2024-06-22,capital_call,20000
3213,174,3,2024-06-22,capital_call,50000
319,15,2,2024-06-23,distribution,24658
491,26,3,2024-06-23,capital_call,2500
1569,82,3,2024-06-23,capital_call,12500
2060,107,23,2024-06-23,distribution,88739
2679,140,3,2024-06-23,capital_call,5000
3086,166,6,2024-06-23,distribution,20009
390,20,18,2024-06-24,capital_call,8333
2202,113,3,2024-06-24,capital_call,12500
2796,147,20,2024-06-24,capital_call,6250
3357,181,1,2024-06-24,subscription,50000
1039,51,11,2024-06-25,capital_call,2000
1621,86,20,2024-06-25,capital_call,8333
1975,102,23,2024-06-25,capital_call,6250
2783,147,21,2024-06-25,subscription,10000
565,28,16,2024-06-26,distribution,33756
1532,79,13,2024-06-26,fee,500
1971,102,17,2024-06-26,capital_call,125000
2357,120,23,2024-06-26,capital_call,5000
2673,140,1,2024-06-26,subscription,50000
2913,157,7,2024-06-26,distribution,16106
1519,79,5,2024-06-27,capital_call,5000
1980,102,4,2024-06-27,capital_call,6250
1375,72,18,2024-06-28,capital_call,10000
1821,96,23,2024-06-28,capital_call,3333
2236,116,21,2024-06-28,distribution,6307
2779,147,9,2024-06-28,subscription,100000
249,12,21,2024-06-29,distribution,27581
1102,54,9,2024-06-29,distribution,2905
1554,81,16,2024-06-29,distribution,17031
2837,151,11,2024-06-29,capital_call,25000
392,20,18,2024-06-30,fee,250
528,27,22,2024-06-30,capital_call,20000
2599,134,5,2024-06-30,capital_call,25000
3166,170,17,2024-06-30,distribution,81082
2702,142,4,2024-07-01,capital_call,5000
3563,192,4,2024-07-01,capital_call,50000
284,14,19,2024-07-02,capital_call,2000
494,26,3,2024-07-02,fee,100
944,46,17,2024-07-02,capital_call,10000
1927,100,8,2024-07-02,distribution,60463
2103,110,3,2024-07-02,capital_call,62500
259,12,2,2024-07-03,distribution,11233
2390,121,19,2024-07-03,capital_call,10000
3575,192,7,2024-07-03,distribution,6571
988,48,16,2024-07-04,redemption,7059
473,25,16,2024-07-05,distribution,576
1599,84,9,2024-07-05,subscription,250000
2133,110,10,2024-07-05,distribution,4182
2300,118,1,2024-07-05,capital_call,83333
376,19,19,2024-07-06,capital_call,5000
1220,62,5,2024-07-06,distribution,15338
2085,109,3,2024-07-06,fee,2500
3422,185,6,2024-07-06,capital_call,20000
2889,156,12,2024-07-07,capital_call,5000
34,3,5,2024-07-08,subscription,250000
751,36,12,2024-07-08,capital_call,20000
308,15,19,2024-07-09,distribution,1357
1987,102,11,2024-07-09,capital_call,62500
69,4,18,2024-07-10,capital_call,20000
954,47,11,2024-07-10,capital_call,5000
2009,105,7,2024-07-10,capital_call,8333
2666,139,7,2024-07-11,redemption,21968
2935,158,2,2024-07-11,capital_call,5000
3427,185,6,2024-07-11,redemption,75596
547,28,18,2024-07-12,capital_call,5000
1838,96,12,2024-07-12,fee,2500
2347,120,21,2024-07-12,fee,1000
2403,121,12,2024-07-12,capital_call,83333
2991,160,4,2024-07-12,distribution,9150
371,19,21,2024-07-13,subscription,10000
1901,99,14,2024-07-14,distribution,83469
2637,137,14,2024-07-14,capital_call,6250
3546,191,8,2024-07-14,capital_call,12500
1582,83,23,2024-07-15,capital_call,2000
2630,136,3,2024-07-15,capital_call,33333
2861,154,20,2024-07-15,capital_call,10000
2869,154,22,2024-07-15,capital_call,2000
132,7,3,2024-07-16,capital_call,2500
512,27,11,2024-07-16,capital_call,8333
1178,61,13,2024-07-16,capital_call,25000
1514,79,21,2024-07-16,redemption,76872
1594,84,20,2024-07-16,subscription,25000
1895,99,12,2024-07-16,fee,100
2722,142,7,2024-07-16,capital_call,25000
3597,194,5,2024-07-16,capital_call,5000
1201,61,1,2024-07-17,capital_call,5000
2058,107,23,2024-07-17,capital_call,50000
3207,174,13,2024-07-17,redemption,3548
3331,180,4,2024-07-17,distribution,42216
3586,194,11,2024-07-17,capital_call,2000
517,27,19,2024-07-18,capital_call,20000
2049,107,21,2024-07-18,distribution,3675
2370,120,20,2024-07-18,capital_call,10000
3541,191,12,2024-07-18,capital_call,5000
2719,142,12,2024-07-19,capital_call,125000
2996,161,4,2024-07-19,capital_call,62500
1362,71,5,2024-07-20,capital_call,62500
1575,83,2,2024-07-20,capital_call,5000
213,11,11,2024-07-21,capital_call,5000
956,47,11,2024-07-21,fee,250
1718,91,18,2024-07-21,distribution,14281
1862,97,13,2024-07-21,distribution,53455
3349,181,10,2024-07-21,capital_call,83333
3531,190,12,2024-07-21,distribution,7177
1070,53,18,2024-07-22,capital_call,2500
1592,83,17,2024-07-22,capital_call,10000
2578,134,10,2024-07-22,capital_call,50000
2778,146,16,2024-07-22,distribution,5764
894,45,12,2024-07-23,distribution,8801
1583,83,23,2024-07-23,distribution,519
1778,93,14,2024-07-23,subscription,25000
1797,94,9,2024-07-23,capital_call,2500
1953,101,9,2024-07-23,distribution,5958
2306,118,16,2024-07-23,capital_call,5000
2519,130,3,2024-07-23,capital_call,8333
2853,153,9,2024-07-23,subscription,25000
3432,185,12,2024-07-23,distribution,3108
3491,188,5,2024-07-23,fee,500
1814,95,13,2024-07-24,capital_call,3333
1522,79,5,2024-07-25,distribution,3059
2788,147,18,2024-07-25,capital_call,5000
779,38,20,2024-07-26,capital_call,83333
2212,113,10,2024-07-26,distribution,5438
2383,121,4,2024-07-26,distribution,3188
163,8,1,2024-07-27,distribution,32453
414,22,1,2024-07-27,capital_call,5000
440,24,7,2024-07-27,distribution,35319
888,44,11,2024-07-27,capital_call,25000
3128,168,14,2024-07-27,capital_call,16667
3154,170,5,2024-07-27,capital_call,20000
1978,102,23,2024-07-28,fee,250
2874,155,18,2024-07-28,fee,2500
3607,194,9,2024-07-28,distribution,3902
174,9,9,2024-07-29,subscription,100000
697,34,12,2024-07-29,fee,500
716,35,17,2024-07-29,capital_call,6250
1040,51,11,2024-07-29,capital_call,2000
3181,171,7,2024-07-29,distribution,5984
3214,174,3,2024-07-29,capital_call,50000
509,26,18,2024-07-30,distribution,3977
1494,78,8,2024-07-30,capital_call,12500
2179,112,7,2024-07-30,distribution,1051
2345,120,21,2024-07-30,capital_call,33333
2812,150,11,2024-07-30,capital_call,50000
500,26,22,2024-07-31,distribution,9442
624,30,22,2024-07-31,capital_call,6250
948,46,17,2024-07-31,distribution,15978
2622,136,20,2024-07-31,capital_call,62500
2654,138,4,2024-08-01,subscription,250000
907,45,16,2024-08-02,capital_call,5000
1209,62,14,2024-08-02,distribution,3992
2288,118,11,2024-08-02,capital_call,62500
1,1,5,2024-08-03,subscription,50000
13,2,12,2024-08-03,fee,100
28,2,19,2024-08-03,capital_call,5000
215,11,11,2024-08-03,fee,250
296,14,5,2024-08-03,redemption,28433
334,16,7,2024-08-03,distribution,17351
535,27,8,2024-08-03,capital_call,25000
1981,102,4,2024-08-03,capital_call,6250
246,12,21,2024-08-04,capital_call,25000
3057,164,16,2024-08-04,fee,2500
402,21,12,2024-08-05,subscription,25000
631,31,8,2024-08-05,capital_call,16667
2350,120,4,2024-08-05,capital_call,25000
608,30,16,2024-08-06,capital_call,25000
1214,62,2,2024-08-06,capital_call,8333
1966,101,11,2024-08-06,capital_call,2000
3123,168,10,2024-08-06,capital_call,5000
377,19,19,2024-08-07,capital_call,5000
379,19,8,2024-08-07,subscription,100000
615,30,2,2024-08-07,capital_call,62500
1826,96,20,2024-08-07,capital_call,3333
3012,161,22,2024-08-07,capital_call,25000
1190,61,11,2024-08-08,capital_call,16667
2398,121,18,2024-08-08,fee,1000
277,13,18,2024-08-09,subscription,250000
406,21,18,2024-08-09,subscription,10000
2633,137,19,2024-08-09,capital_call,50000
2708,142,6,2024-08-09,capital_call,25000
3537,190,3,2024-08-10,capital_call,5000
1088,54,18,2024-08-11,capital_call,2000
2010,105,7,2024-08-12,capital_call,8333
2112,110,16,2024-08-12,capital_call,20000
2256,116,2,2024-08-12,distribution,2162
1545,81,11,2024-08-13,distribution,25732
1674,89,16,2024-08-13,capital_call,6250
1732,91,12,2024-08-13,capital_call,25000
2066,108,23,2024-08-13,capital_call,12500
2487,128,18,2024-08-13,fee,100
3503,189,16,2024-08-13,capital_call,20000
3614,194,21,2024-08-13,distribution,6582
72,4,18,2024-08-14,distribution,22032
1505,78,21,2024-08-16,fee,2500
1671,88,7,2024-08-16,capital_call,50000
1830,96,5,2024-08-16,capital_call,33333
2472,128,6,2024-08-16,capital_call,50000
3089,166,3,2024-08-16,capital_call,62500
285,14,19,2024-08-17,capital_call,2000
1695,90,16,2024-08-17,distribution,9819
2371,120,20,2024-08-17,capital_call,10000
3051,164,20,2024-08-17,capital_call,20000
3564,192,4,2024-08-17,distribution,98374
523,27,20,2024-08-18,capital_call,50000
39,3,18,2024-08-19,subscription,10000
1369,71,14,2024-08-19,capital_call,6250
1397,72,11,2024-08-19,capital_call,2000
2282,118,2,2024-08-19,capital_call,50000
2638,137,14,2024-08-19,capital_call,6250
2680,140,3,2024-08-19,capital_call,5000
288,14,3,2024-08-20,capital_call,5000
1680,89,19,2024-08-20,capital_call,2500
1803,94,23,2024-08-20,fee,100
3481,188,4,2024-08-20,capital_call,20000
3542,191,12,2024-08-20,capital_call,5000
1683,89,19,2024-08-21,fee,100
385,20,15,2024-08-23,capital_call,62500
1802,94,23,2024-08-23,capital_call,5000
3244,175,18,2024-08-23,distribution,61192
14,2,12,2024-08-24,distribution,783
955,47,11,2024-08-24,capital_call,5000
2890,156,12,2024-08-24,capital_call,5000
2365,120,3,2024-08-25,capital_call,5000
2094,109,20,2024-08-26,redemption,70182
2198,113,6,2024-08-26,capital_call,50000
2649,137,21,2024-08-26,fee,500
2797,147,20,2024-08-26,capital_call,6250
3148,169,10,2024-08-26,distribution,3061
2323,119,2,2024-08-27,distribution,37120
2720,142,12,2024-08-27,capital_call,125000
1659,87,3,2024-08-28,capital_call,6250
1879,98,12,2024-08-28,capital_call,20000
3116,167,13,2024-08-28,capital_call,2500
845,42,3,2024-08-29,capital_call,2500
755,36,12,2024-08-30,distribution,14620
1380,72,18,2024-08-30,distribution,5043
1687,89,9,2024-08-30,fee,100
1836,96,12,2024-08-30,capital_call,50000
2684,141,12,2024-08-30,subscription,10000
391,20,18,2024-08-31,capital_call,8333
1140,57,13,2024-08-31,distribution,8125
2647,137,21,2024-08-31,capital_call,25000
3345,180,3,2024-08-31,fee,250
3674,199,11,2024-08-31,subscription,10000
61,4,21,2024-09-01,distribution,797
783,38,21,2024-09-01,capital_call,3333
1399,72,11,2024-09-01,distribution,3541
2592,134,22,2024-09-01,capital_call,50000
2692,141,19,2024-09-01,subscription,250000
3523,190,4,2024-09-01,distribution,27996
177,9,2,2024-09-02,subscription,10000
372,19,21,2024-09-02,capital_call,2000
550,28,18,2024-09-02,distribution,4397
2314,119,12,2024-09-03,capital_call,5000
3253,176,21,2024-09-03,subscription,100000
3677,199,20,2024-09-03,subscription,250000
774,38,23,2024-09-04,capital_call,8333
1808,95,16,2024-09-04,capital_call,12500
2579,134,10,2024-09-04,capital_call,50000
3026,162,5,2024-09-04,distribution,2150
558,28,7,2024-09-05,redemption,38043
1912,99,20,2024-09-05,capital_call,2500
914,45,19,2024-09-06,capital_call,2000
2007,105,5,2024-09-06,capital_call,12500
2643,137,9,2024-09-06,capital_call,8333
2804,149,13,2024-09-06,subscription,25000
1073,53,18,2024-09-07,redemption,7846
1091,54,18,2024-09-07,distribution,1153
1612,85,6,2024-09-07,fee,100
2658,138,7,2024-09-07,subscription,100000
2789,147,18,2024-09-07,capital_call,5000
2848,153,23,2024-09-07,capital_call,2500
272,13,3,2024-09-08,subscription,250000
893,45,12,2024-09-08,capital_call,6250
1533,79,13,2024-09-08,redemption,21290
2302,118,1,2024-09-08,redemption,195102
3009,161,15,2024-09-08,capital_call,3333
1184,61,22,2024-09-09,capital_call,6250
1342,70,4,2024-09-09,distribution,3621
1622,86,20,2024-09-09,capital_call,8333
2021,106,7,2024-09-09,subscription,100000
2612,136,5,2024-09-09,fee,250
2670,139,5,2024-09-09,distribution,20944
2674,140,1,2024-09-09,capital_call,12500
2689,141,23,2024-09-09,subscription,25000
3256,176,1,2024-09-09,subscription,10000
918,45,19,2024-09-10,distribution,3089
945,46,17,2024-09-11,capital_call,10000
3353,181,12,2024-09-11,capital_call,8333
30,2,19,2024-09-12,distribution,9594
1444,75,7,2024-09-12,distribution,14283
2575,133,2,2024-09-12,distribution,4149
1976,102,23,2024-09-13,capital_call,6250
2068,108,23,2024-09-13,distribution,2714
2617,136,19,2024-09-13,capital_call,33333
156,8,12,2024-09-15,fee,2500
2500,128,3,2024-09-15,capital_call,33333
2610,136,5,2024-09-15,capital_call,6250
3312,179,14,2024-09-15,capital_call,2000
3643,196,16,2024-09-15,capital_call,20000
278,13,18,2024-09-16,capital_call,125000
840,42,16,2024-09-16,distribution,2756
1616,86,13,2024-09-16,capital_call,125000
2267,117,3,2024-09-16,subscription,25000
2366,120,3,2024-09-16,fee,100
2862,154,20,2024-09-16,capital_call,10000
84,4,1,2024-09-17,distribution,8304
833,42,5,2024-09-17,capital_call,5000
1633,86,17,2024-09-17,capital_call,62500
5,1,5,2024-09-18,fee,500
1113,55,2,2024-09-18,capital_call,33333
1628,86,21,2024-09-18,capital_call,20000
2017,105,4,2024-09-18,capital_call,8333
2294,118,18,2024-09-18,distribution,13276
3090,166,3,2024-09-18,capital_call,62500
513,27,11,2024-09-19,capital_call,8333
1117,55,14,2024-09-19,capital_call,10000
1605,84,22,2024-09-19,capital_call,3333
2997,161,4,2024-09-19,capital_call,62500
3350,181,10,2024-09-19,capital_call,83333
3403,184,2,2024-09-19,subscription,250000
95,5,13,2024-09-20,subscription,50000
805,40,23,2024-09-20,subscription,100000
1041,51,11,2024-09-20,capital_call,2000
1207,62,14,2024-09-20,capital_call,6250
1938,101,8,2024-09-20,distribution,69848
46,3,2,2024-09-21,capital_call,2500
2237,116,21,2024-09-21,distribution,3050
2416,123,3,2024-09-21,capital_call,83333
2816,150,11,2024-09-21,distribution,48233
3408,184,20,2024-09-21,subscription,250000
857,43,3,2024-09-22,distribution,12551
938,46,7,2024-09-22,capital_call,10000
1294,68,4,2024-09-22,subscription,250000
358,17,12,2024-09-23,subscription,250000
1665,88,22,2024-09-23,capital_call,8333
1902,99,14,2024-09-23,distribution,62418
2052,107,21,2024-09-25,redemption,5804
3389,183,21,2024-09-25,capital_call,50000
533,27,22,2024-09-26,fee,1000
685,33,13,2024-09-26,distribution,2370
1617,86,13,2024-09-26,fee,2500
2891,156,12,2024-09-26,capital_call,5000
702,34,23,2024-09-27,capital_call,25000
1779,93,14,2024-09-27,capital_call,6250
2723,142,7,2024-09-27,capital_call,25000
2884,156,3,2024-09-27,fee,250
1318,69,21,2024-09-28,distribution,690
2485,128,18,2024-09-28,capital_call,2000
2813,150,11,2024-09-28,capital_call,50000
2882,156,3,2024-09-28,capital_call,8333
3055,164,16,2024-09-28,capital_call,125000
352,17,18,2024-09-29,subscription,250000
1187,61,22,2024-09-29,fee,250
1960,101,14,2024-09-29,distribution,7345
452,24,11,2024-09-30,distribution,10868
484,25,22,2024-09-30,distribution,99375
987,48,16,2024-09-30,distribution,5442
3252,175,21,2024-09-30,distribution,4124
3383,183,13,2024-09-30,capital_call,2500
269,13,23,2024-10-01,subscription,50000
320,15,2,2024-10-01,distribution,13461
2260,116,3,2024-10-01,capital_call,10000
2782,147,9,2024-10-01,fee,1000
3669,199,16,2024-10-01,subscription,50000
181,9,21,2024-10-02,subscription,50000
752,36,12,2024-10-02,capital_call,20000
1566,81,22,2024-10-02,distribution,18278
2513,130,7,2024-10-02,distribution,1216
2780,147,9,2024-10-02,capital_call,50000
106,5,10,2024-10-03,subscription,50000
1371,71,14,2024-10-03,fee,250
1839,96,12,2024-10-03,distribution,26065
1928,100,8,2024-10-03,distribution,19944
369,18,12,2024-10-04,capital_call,2000
853,43,3,2024-10-04,capital_call,20000
1483,77,14,2024-10-04,distribution,29431
2271,117,21,2024-10-04,subscription,10000
3118,167,13,2024-10-04,distribution,2291
240,11,18,2024-10-05,distribution,16206
474,25,16,2024-10-05,distribution,3358
529,27,22,2024-10-05,capital_call,20000
111,5,11,2024-10-07,subscription,250000
722,35,6,2024-10-07,capital_call,20000
1142,58,17,2024-10-07,subscription,50000
1179,61,13,2024-10-07,capital_call,25000
3215,174,3,2024-10-07,capital_call,50000
335,16,7,2024-10-08,distribution,14847
627,30,22,2024-10-08,fee,250
636,31,23,2024-10-08,distribution,2071
1668,88,22,2024-10-08,redemption,15137
3532,190,12,2024-10-08,distribution,5106
3589,194,11,2024-10-08,fee,100
1809,95,16,2024-10-09,capital_call,12500
1917,100,14,2024-10-09,distribution,61930
2399,121,18,2024-10-09,distribution,27885
1675,89,16,2024-10-10,capital_call,6250
2307,118,16,2024-10-10,capital_call,5000
3358,181,1,2024-10-10,capital_call,12500
219,11,5,2024-10-11,distribution,9905
362,17,5,2024-10-12,subscription,250000
949,46,17,2024-10-12,distribution,5220
1527,79,12,2024-10-12,fee,1000
2180,112,7,2024-10-12,distribution,553
2854,153,9,2024-10-12,capital_call,12500
250,12,21,2024-10-13,distribution,18400
2104,110,3,2024-10-13,capital_call,62500
957,47,11,2024-10-14,distribution,8745
1685,89,9,2024-10-14,capital_call,5000
2682,140,5,2024-10-14,capital_call,125000
3400,184,8,2024-10-14,subscription,100000
524,27,20,2024-10-15,capital_call,50000
1654,87,18,2024-10-15,distribution,3844
3395,184,21,2024-10-15,subscription,25000
1289,68,16,2024-10-16,subscription,100000
2358,120,23,2024-10-16,capital_call,5000
3452,186,21,2024-10-16,distribution,28060
3469,186,16,2024-10-16,distribution,60879
625,30,22,2024-10-17,capital_call,6250
1954,101,9,2024-10-17,distribution,6031
3547,191,8,2024-10-17,capital_call,12500
264,12,3,2024-10-18,capital_call,6250
745,36,6,2024-10-18,distribution,88233
2644,137,9,2024-10-18,capital_call,8333
3681,199,14,2024-10-18,subscription,250000
397,21,16,2024-10-19,subscription,25000
405,21,12,2024-10-19,fee,250
1150,58,6,2024-10-19,subscription,250000
1629,86,21,2024-10-19,capital_call,20000
3354,181,12,2024-10-19,capital_call,8333
3666,198,21,2024-10-19,subscription,10000
260,12,2,2024-10-20,distribution,18487
806,40,23,2024-10-20,capital_call,20000
1880,98,12,2024-10-20,capital_call,20000
2805,149,13,2024-10-20,capital_call,8333
104,5,3,2024-10-21,subscription,250000
717,35,17,2024-10-21,capital_call,6250
1071,53,18,2024-10-21,capital_call,2500
1376,72,18,2024-10-21,capital_call,10000
1944,101,3,2024-10-21,capital_call,83333
3006,161,14,2024-10-21,capital_call,8333
3655,197,16,2024-10-21,subscription,10000
2082,109,3,2024-10-22,capital_call,62500
2639,137,14,2024-10-22,capital_call,6250
3124,168,10,2024-10-22,capital_call,5000
273,13,3,2024-10-23,capital_call,83333
492,26,3,2024-10-23,capital_call,2500
2480,128,19,2024-10-23,capital_call,6250
2655,138,4,2024-10-23,capital_call,125000
3426,185,6,2024-10-23,distribution,24133
731,36,4,2024-10-24,distribution,8998
1595,84,20,2024-10-24,capital_call,5000
2715,142,3,2024-10-24,capital_call,8333
29,2,19,2024-10-25,capital_call,5000
133,7,3,2024-10-25,capital_call,2500
2274,117,14,2024-10-25,subscription,50000
2011,105,7,2024-10-26,capital_call,8333
2790,147,18,2024-10-26,capital_call,5000
3363,182,8,2024-10-26,subscription,100000
3548,191,8,2024-10-26,fee,250
2169,112,5,2024-10-27,distribution,2012
3111,167,23,2024-10-27,capital_call,5000
3590,194,11,2024-10-27,distribution,689
612,30,9,2024-10-28,fee,1000
1363,71,5,2024-10-28,capital_call,62500
1398,72,11,2024-10-28,capital_call,2000
2651,138,6,2024-10-28,capital_call,83333
96,5,13,2024-10-29,capital_call,16667
233,11,12,2024-10-29,distribution,10036
2659,138,7,2024-10-29,capital_call,25000
2675,140,1,2024-10-29,capital_call,12500
3496,189,19,2024-10-29,distribution,84550
171,9,5,2024-10-30,subscription,50000
1798,94,9,2024-10-30,capital_call,2500
35,3,5,2024-10-31,capital_call,62500
2914,157,7,2024-10-31,distribution,20153
3136,169,12,2024-10-31,distribution,21074
1520,79,5,2024-11-01,capital_call,5000
3659,197,1,2024-11-01,subscription,250000
1576,83,2,2024-11-02,capital_call,5000
2283,118,2,2024-11-02,capital_call,50000
2696,141,6,2024-11-02,subscription,50000
3628,195,20,2024-11-02,subscription,25000
185,9,16,2024-11-03,subscription,10000
2203,113,3,2024-11-03,capital_call,12500
1461,75,23,2024-11-04,distribution,17675
1534,80,17,2024-11-04,subscription,50000
2391,121,19,2024-11-04,capital_call,10000
3002,161,17,2024-11-04,capital_call,5000
3600,194,5,2024-11-04,distribution,3037
393,21,11,2024-11-05,subscription,50000
848,42,3,2024-11-05,fee,100
1114,55,2,2024-11-05,capital_call,33333
3056,164,16,2024-11-05,capital_call,125000
62,4,21,2024-11-06,distribution,1045
979,47,18,2024-11-06,distribution,2720
1185,61,22,2024-11-06,capital_call,6250
1786,94,20,2024-11-06,fee,1000
1822,96,23,2024-11-06,distribution,2756
1495,78,8,2024-11-07,distribution,12154
1817,95,13,2024-11-07,redemption,5486
2447,125,16,2024-11-07,distribution,97250
3621,195,3,2024-11-07,subscription,25000
1733,91,12,2024-11-08,capital_call,25000
2157,111,19,2024-11-08,distribution,4121
2092,109,20,2024-11-09,distribution,18421
3225,175,22,2024-11-09,distribution,3395
3377,182,23,2024-11-09,subscription,250000
2784,147,21,2024-11-10,capital_call,3333
803,40,22,2024-11-11,subscription,100000
1092,54,18,2024-11-11,distribution,1422
1600,84,9,2024-11-11,capital_call,62500
1048,51,6,2024-11-12,distribution,68421
1555,81,16,2024-11-12,distribution,4997
1837,96,12,2024-11-12,capital_call,50000
2384,121,4,2024-11-12,distribution,14063
2634,137,19,2024-11-12,capital_call,50000
100,5,17,2024-11-13,subscription,25000
1229,63,10,2024-11-13,distribution,55391
2018,106,22,2024-11-13,subscription,25000
915,45,19,2024-11-14,capital_call,2000
2473,128,6,2024-11-14,capital_call,50000
3205,174,13,2024-11-14,distribution,705
3366,182,1,2024-11-14,subscription,25000
1735,91,12,2024-11-15,redemption,59721
2703,142,4,2024-11-15,capital_call,5000
2,1,5,2024-11-16,capital_call,16667
1210,62,14,2024-11-16,redemption,9103
1233,63,5,2024-11-16,distribution,10914
3409,184,20,2024-11-16,capital_call,125000
47,3,2,2024-11-18,capital_call,2500
182,9,21,2024-11-18,capital_call,16667
548,28,18,2024-11-18,capital_call,5000
3195,173,18,2024-11-18,subscription,50000
1420,74,12,2024-11-19,subscription,50000
1972,102,17,2024-11-19,fee,2500
946,46,17,2024-11-20,capital_call,10000
1290,68,16,2024-11-20,capital_call,20000
1570,82,3,2024-11-20,capital_call,12500
1719,91,18,2024-11-20,distribution,16058
2372,120,20,2024-11-20,capital_call,10000
2793,147,18,2024-11-20,fee,250
3587,194,11,2024-11-20,capital_call,2000
530,27,22,2024-11-21,capital_call,20000
739,36,18,2024-11-21,redemption,22691
1613,85,6,2024-11-21,distribution,1798
1634,86,17,2024-11-21,capital_call,62500
1982,102,4,2024-11-21,capital_call,6250
459,25,23,2024-11-22,distribution,6186
784,38,21,2024-11-22,capital_call,3333
1424,74,3,2024-11-22,subscription,250000
398,21,16,2024-11-23,capital_call,6250
1143,58,17,2024-11-23,capital_call,10000
1467,76,18,2024-11-23,distribution,77976
2671,139,5,2024-11-23,distribution,93009
3445,186,19,2024-11-23,distribution,81793
279,13,18,2024-11-24,capital_call,125000
349,16,16,2024-11-24,distribution,3389
1537,80,13,2024-11-24,subscription,50000
114,5,11,2024-11-25,fee,2500
566,28,16,2024-11-25,distribution,27459
854,43,3,2024-11-25,capital_call,20000
2683,140,5,2024-11-25,capital_call,125000
3384,183,13,2024-11-25,capital_call,2500
1145,58,12,2024-11-26,subscription,10000
2346,120,21,2024-11-26,capital_call,33333
2412,123,19,2024-11-26,distribution,3340
2611,136,5,2024-11-26,capital_call,6250
2781,147,9,2024-11-26,capital_call,50000
2808,149,13,2024-11-26,fee,250
3052,164,20,2024-11-26,capital_call,20000
2838,151,11,2024-11-27,distribution,16101
407,21,18,2024-11-28,capital_call,3333
882,43,11,2024-11-28,distribution,3557
3129,168,14,2024-11-29,capital_call,16667
710,34,18,2024-11-30,distribution,2034
1988,102,11,2024-11-30,capital_call,62500
3387,183,13,2024-11-30,fee,100
214,11,11,2024-12-01,capital_call,5000
1887,99,11,2024-12-01,distribution,12517
2488,128,18,2024-12-01,distribution,2233
2501,128,3,2024-12-01,capital_call,33333
2083,109,3,2024-12-02,capital_call,62500
2623,136,20,2024-12-02,capital_call,62500
2709,142,6,2024-12-02,capital_call,25000
2893,156,12,2024-12-02,distribution,6350
3189,171,6,2024-12-02,distribution,5814
40,3,18,2024-12-03,capital_call,2500
359,17,12,2024-12-03,capital_call,83333
536,27,8,2024-12-03,capital_call,25000
2697,141,6,2024-12-03,capital_call,16667
2012,105,7,2024-12-04,fee,250
3416,185,19,2024-12-04,distribution,2674
178,9,2,2024-12-05,capital_call,2000
380,19,8,2024-12-05,capital_call,50000
2452,126,2,2024-12-05,subscription,10000
3010,161,15,2024-12-05,capital_call,3333
2855,153,9,2024-12-06,capital_call,12500
3615,194,21,2024-12-06,distribution,7903
2264,117,5,2024-12-07,subscription,100000
3622,195,3,2024-12-07,capital_call,8333
373,19,21,2024-12-08,capital_call,2000
1365,71,5,2024-12-08,fee,2500
616,30,2,2024-12-09,capital_call,62500
1606,84,22,2024-12-09,capital_call,3333
1686,89,9,2024-12-09,capital_call,5000
1868,98,18,2024-12-09,distribution,854
2042,107,17,2024-12-09,distribution,36301
2308,118,16,2024-12-09,capital_call,5000
919,45,19,2024-12-10,distribution,2124
2061,107,23,2024-12-10,distribution,25633
2393,121,19,2024-12-10,distribution,3602
2456,126,4,2024-12-10,subscription,50000
3670,199,16,2024-12-10,capital_call,12500
3517,190,18,2024-12-11,distribution,1703
640,31,3,2024-12-12,fee,100
2351,120,4,2024-12-12,capital_call,25000
1370,71,14,2024-12-13,capital_call,6250
2641,137,14,2024-12-13,fee,250
2648,137,21,2024-12-13,capital_call,25000
3091,166,3,2024-12-13,capital_call,62500
737,36,18,2024-12-14,distribution,4974
846,42,3,2024-12-14,capital_call,2500
1148,58,2,2024-12-14,subscription,100000
2520,130,3,2024-12-14,capital_call,8333
2738,144,23,2024-12-14,subscription,50000
36,3,5,2024-12-15,capital_call,62500
112,5,11,2024-12-15,capital_call,125000
518,27,19,2024-12-15,capital_call,20000
1115,55,2,2024-12-15,distribution,24473
415,22,1,2024-12-16,capital_call,5000
841,42,16,2024-12-16,distribution,2437
1295,68,4,2024-12-16,capital_call,125000
3371,182,21,2024-12-16,subscription,250000
274,13,3,2024-12-17,capital_call,83333
799,40,21,2024-12-17,subscription,10000
2593,134,22,2024-12-17,capital_call,50000
3087,166,6,2024-12-17,distribution,19326
3359,181,1,2024-12-17,capital_call,12500
746,36,6,2024-12-18,distribution,54903
2331,119,21,2024-12-18,distribution,5911
309,15,19,2024-12-19,distribution,2897
2791,147,18,2024-12-19,capital_call,5000
3013,161,22,2024-12-19,capital_call,25000
3470,186,16,2024-12-19,distribution,84817
394,21,11,2024-12-20,capital_call,12500
809,40,12,2024-12-20,subscription,50000
2028,107,20,2024-12-20,distribution,1885
2229,115,22,2024-12-20,subscription,50000
2851,153,23,2024-12-20,fee,100
3617,195,14,2024-12-20,subscription,25000
2652,138,6,2024-12-21,capital_call,83333
3182,171,7,2024-12-21,distribution,9038
3404,184,2,2024-12-21,capital_call,62500
175,9,9,2024-12-22,capital_call,50000
183,9,21,2024-12-22,capital_call,16667
525,27,20,2024-12-22,capital_call,50000
2295,118,18,2024-12-22,distribution,17513
3351,181,10,2024-12-22,capital_call,83333
704,34,23,2024-12-23,distribution,15340
1713,90,11,2024-12-23,distribution,16713
2849,153,23,2024-12-23,capital_call,2500
3588,194,11,2024-12-23,capital_call,2000
33,2,19,2024-12-25,redemption,6448
44,3,18,2024-12-25,fee,100
1141,57,13,2024-12-25,distribution,12399
1319,69,21,2024-12-25,distribution,3455
1584,83,23,2024-12-25,distribution,3263
3364,182,8,2024-12-25,capital_call,33333
101,5,17,2024-12-26,capital_call,8333
2050,107,21,2024-12-26,distribution,1074
2992,160,4,2024-12-26,distribution,3426
3125,168,10,2024-12-26,fee,100
3305,179,23,2024-12-26,distribution,1460
1180,61,13,2024-12-27,capital_call,25000
1425,74,3,2024-12-27,capital_call,83333
2693,141,19,2024-12-27,capital_call,62500
3664,198,15,2024-12-27,subscription,25000
107,5,10,2024-12-28,capital_call,16667
725,35,6,2024-12-28,fee,1000
1191,61,11,2024-12-28,capital_call,16667
1291,68,16,2024-12-28,capital_call,20000
3433,185,12,2024-12-28,distribution,2892
1417,74,18,2024-12-29,subscription,25000
3533,190,12,2024-12-29,distribution,3146
1967,101,11,2024-12-30,capital_call,2000
3117,167,13,2024-12-30,capital_call,2500
1660,87,3,2024-12-31,capital_call,6250
2362,120,23,2024-12-31,fee,250
3355,181,12,2024-12-31,capital_call,8333
3378,182,23,2024-12-31,capital_call,83333
3678,199,20,2024-12-31,capital_call,62500
353,17,18,2025-01-01,capital_call,50000
403,21,12,2025-01-01,capital_call,6250
1961,101,14,2025-01-01,distribution,1714
2268,117,3,2025-01-01,capital_call,5000
2741,144,13,2025-01-01,subscription,50000
2998,161,4,2025-01-01,capital_call,62500
3053,164,20,2025-01-01,capital_call,20000
378,19,19,2025-01-02,fee,100
753,36,12,2025-01-02,capital_call,20000
2460,126,18,2025-01-02,subscription,25000
3629,195,20,2025-01-03,capital_call,5000
186,9,16,2025-01-04,capital_call,5000
514,27,11,2025-01-04,fee,250
2019,106,22,2025-01-04,capital_call,12500
2798,147,20,2025-01-04,capital_call,6250
3216,174,3,2025-01-04,capital_call,50000
756,36,12,2025-01-05,distribution,15103
1343,70,4,2025-01-05,distribution,2805
2580,134,10,2025-01-05,capital_call,50000
73,4,18,2025-01-06,distribution,15795
2640,137,14,2025-01-06,capital_call,6250
3367,182,1,2025-01-06,capital_call,5000
1681,89,19,2025-01-07,capital_call,2500
2084,109,3,2025-01-07,capital_call,62500
3623,195,3,2025-01-07,capital_call,8333
15,2,12,2025-01-08,distribution,1019
289,14,3,2025-01-08,capital_call,5000
1840,96,12,2025-01-08,distribution,84199
3042,163,8,2025-01-08,subscription,100000
2586,134,19,2025-01-09,distribution,2895
2734,144,5,2025-01-09,subscription,10000
423,23,6,2025-01-10,subscription,10000
626,30,22,2025-01-10,capital_call,6250
386,20,15,2025-01-11,capital_call,62500
1696,90,16,2025-01-11,distribution,3250
3119,167,13,2025-01-11,distribution,2325
3653,196,12,2025-01-11,distribution,1233
520,27,19,2025-01-12,fee,1000
807,40,23,2025-01-12,capital_call,20000
875,43,12,2025-01-12,distribution,7740
1026,50,12,2025-01-12,subscription,100000
1538,80,13,2025-01-12,capital_call,16667
2462,126,6,2025-01-12,subscription,25000
2522,130,3,2025-01-12,distribution,4271
3482,188,4,2025-01-12,capital_call,20000
2685,141,12,2025-01-13,capital_call,3333
3332,180,4,2025-01-13,distribution,71630
3410,184,20,2025-01-13,capital_call,125000
363,17,5,2025-01-14,capital_call,62500
1215,62,2,2025-01-14,distribution,5004
2272,117,21,2025-01-14,capital_call,5000
2690,141,23,2025-01-14,capital_call,5000
2324,119,2,2025-01-15,distribution,17384
1977,102,23,2025-01-16,capital_call,6250
2022,106,7,2025-01-16,capital_call,20000
2359,120,23,2025-01-16,capital_call,5000
2739,144,23,2025-01-16,capital_call,25000
3625,195,10,2025-01-16,subscription,50000
1523,79,5,2025-01-17,distribution,8175
2100,109,1,2025-01-17,redemption,39380
265,12,3,2025-01-18,capital_call,6250
718,35,17,2025-01-18,capital_call,6250
1445,75,7,2025-01-18,distribution,2603
1635,86,17,2025-01-18,capital_call,62500
1780,93,14,2025-01-18,capital_call,6250
2656,138,4,2025-01-19,capital_call,125000
3601,194,5,2025-01-19,redemption,13233
3675,199,11,2025-01-19,capital_call,2000
501,26,22,2025-01-20,distribution,1387
1804,94,23,2025-01-20,distribution,3074
2352,120,4,2025-01-20,capital_call,25000
3372,182,21,2025-01-20,capital_call,62500
173,9,5,2025-01-21,fee,500
381,19,8,2025-01-21,capital_call,50000
2792,147,18,2025-01-21,capital_call,5000
1381,72,18,2025-01-22,distribution,3491
1983,102,4,2025-01-22,capital_call,6250
3356,181,12,2025-01-22,fee,250
723,35,6,2025-01-23,capital_call,20000
3485,188,4,2025-01-23,distribution,25128
3667,198,21,2025-01-23,capital_call,3333
2261,116,3,2025-01-24,capital_call,10000
3390,183,21,2025-01-24,capital_call,50000
617,30,2,2025-01-25,capital_call,62500
3,1,5,2025-01-26,capital_call,16667
408,21,18,2025-01-26,capital_call,3333
453,24,11,2025-01-26,distribution,15585
2803,148,16,2025-01-26,distribution,1772
3254,176,21,2025-01-26,capital_call,50000
3656,197,16,2025-01-26,capital_call,2000
2230,115,22,2025-01-27,capital_call,10000
3660,197,1,2025-01-27,capital_call,125000
399,21,16,2025-01-28,capital_call,6250
460,25,23,2025-01-28,distribution,8502
1496,78,8,2025-01-28,distribution,13797
1428,74,23,2025-01-29,subscription,50000
1431,74,11,2025-01-29,subscription,250000
1810,95,16,2025-01-29,distribution,13674
2275,117,14,2025-01-29,capital_call,10000
493,26,3,2025-01-30,capital_call,2500
2105,110,3,2025-01-30,capital_call,62500
2417,123,3,2025-01-30,capital_call,83333
3092,166,3,2025-01-30,capital_call,62500
3524,190,4,2025-01-30,distribution,38251
2269,117,3,2025-01-31,capital_call,5000
2785,147,21,2025-01-31,capital_call,3333
2806,149,13,2025-01-31,capital_call,8333
3257,176,1,2025-01-31,capital_call,5000
97,5,13,2025-02-01,capital_call,16667
2645,137,9,2025-02-01,capital_call,8333
2915,157,7,2025-02-01,distribution,9089
3385,183,13,2025-02-02,capital_call,2500
370,18,12,2025-02-03,capital_call,2000
1421,74,12,2025-02-03,capital_call,12500
1888,99,11,2025-02-03,distribution,98509
2486,128,18,2025-02-03,capital_call,2000
108,5,10,2025-02-04,capital_call,16667
354,17,18,2025-02-05,capital_call,50000
2883,156,3,2025-02-05,capital_call,8333
31,2,19,2025-02-06,distribution,9326
732,36,4,2025-02-06,distribution,34593
1118,55,14,2025-02-07,capital_call,10000
2704,142,4,2025-02-07,capital_call,5000
2724,142,7,2025-02-07,capital_call,25000
3662,198,14,2025-02-07,subscription,250000
531,27,22,2025-02-08,capital_call,20000
1427,74,3,2025-02-08,fee,2500
2619,136,19,2025-02-08,distribution,22170
2489,128,18,2025-02-09,distribution,2455
3682,199,14,2025-02-09,capital_call,50000
41,3,18,2025-02-10,capital_call,2500
940,46,7,2025-02-10,distribution,19374
2999,161,4,2025-02-10,capital_call,62500
2003,104,19,2025-02-11,subscription,100000
102,5,17,2025-02-12,capital_call,8333
800,40,21,2025-02-12,capital_call,2000
2354,120,4,2025-02-12,distribution,38446
1546,81,11,2025-02-13,redemption,22351
1676,89,16,2025-02-13,capital_call,6250
2434,125,6,2025-02-13,distribution,6317
3040,163,16,2025-02-13,subscription,10000
3046,163,2,2025-02-13,subscription,25000
290,14,3,2025-02-14,capital_call,5000
410,21,18,2025-02-14,fee,100
2367,120,3,2025-02-14,distribution,2741
3401,184,8,2025-02-14,capital_call,33333
105,5,3,2025-02-15,capital_call,50000
1567,81,22,2025-02-15,distribution,3183
3019,162,3,2025-02-15,distribution,3447
270,13,23,2025-02-16,capital_call,12500
2001,104,21,2025-02-16,subscription,25000
2582,134,10,2025-02-16,distribution,47643
220,11,5,2025-02-17,distribution,5392
268,12,3,2025-02-17,distribution,7217
2672,139,5,2025-02-17,distribution,63915
176,9,9,2025-02-18,capital_call,50000
1377,72,18,2025-02-18,capital_call,10000
1400,72,11,2025-02-18,distribution,3545
1655,87,18,2025-02-18,distribution,2375
2385,121,4,2025-02-18,distribution,14678
179,9,2,2025-02-20,capital_call,2000
261,12,2,2025-02-20,redemption,17809
1630,86,21,2025-02-20,capital_call,20000
2023,106,7,2025-02-20,capital_call,20000
3038,163,22,2025-02-20,subscription,10000
3131,168,14,2025-02-20,fee,500
3543,191,12,2025-02-20,distribution,3856
3618,195,14,2025-02-20,capital_call,8333
422,23,14,2025-02-21,subscription,10000
551,28,18,2025-02-21,distribution,5601
675,33,11,2025-02-21,distribution,29793
1153,58,6,2025-02-21,fee,2500
2227,115,6,2025-02-21,subscription,10000
2296,118,18,2025-02-21,distribution,15475
3027,162,5,2025-02-21,distribution,2073
251,12,21,2025-02-22,distribution,6133
2885,156,3,2025-02-22,distribution,3136
3373,182,21,2025-02-22,capital_call,62500
1968,101,11,2025-02-23,redemption,4319
2170,112,5,2025-02-23,distribution,9030
2301,118,1,2025-02-23,distribution,82445
3396,184,21,2025-02-23,capital_call,6250
2814,150,11,2025-02-24,capital_call,50000
3379,182,23,2025-02-24,capital_call,83333
1939,101,8,2025-02-25,distribution,39172
2736,144,10,2025-02-25,subscription,25000
184,9,21,2025-02-26,capital_call,16667
2660,138,7,2025-02-26,capital_call,25000
3255,176,21,2025-02-26,capital_call,50000
4,1,5,2025-02-27,capital_call,16667
621,30,3,2025-02-27,distribution,2719
172,9,5,2025-02-28,capital_call,25000
2360,120,23,2025-02-28,capital_call,5000
1292,68,16,2025-03-01,capital_call,20000
2624,136,20,2025-03-01,capital_call,62500
187,9,16,2025-03-02,capital_call,5000
2521,130,3,2025-03-02,fee,250
409,21,18,2025-03-03,capital_call,3333
1186,61,22,2025-03-03,capital_call,6250
1596,84,20,2025-03-03,capital_call,5000
2093,109,20,2025-03-03,distribution,86290
3196,173,18,2025-03-03,capital_call,10000
3206,174,13,2025-03-03,distribution,846
3362,181,1,2025-03-03,fee,500
3391,183,21,2025-03-03,capital_call,50000
3446,186,19,2025-03-03,distribution,86508
1792,94,15,2025-03-04,distribution,7348
1539,80,13,2025-03-06,capital_call,16667
37,3,5,2025-03-07,capital_call,62500
1151,58,6,2025-03-07,capital_call,83333
808,40,23,2025-03-08,capital_call,20000
1550,81,4,2025-03-08,distribution,6829
1869,98,18,2025-03-08,distribution,2361
475,25,16,2025-03-09,distribution,1263
1193,61,11,2025-03-09,distribution,16646
3112,167,23,2025-03-09,capital_call,5000
1093,54,18,2025-03-10,distribution,1422
1119,55,14,2025-03-10,capital_call,10000
1678,89,16,2025-03-10,fee,250
2276,117,14,2025-03-10,capital_call,10000
2453,126,2,2025-03-10,capital_call,2000
2817,150,11,2025-03-10,distribution,64080
3360,181,1,2025-03-10,capital_call,12500
1601,84,9,2025-03-11,capital_call,62500
1787,94,20,2025-03-11,distribution,9376
2262,116,3,2025-03-11,capital_call,10000
355,17,18,2025-03-12,capital_call,50000
747,36,6,2025-03-12,distribution,83831
2238,116,21,2025-03-12,distribution,4020
3130,168,14,2025-03-13,capital_call,16667
113,5,11,2025-03-14,capital_call,125000
266,12,3,2025-03-14,capital_call,6250
1535,80,17,2025-03-15,capital_call,10000
2613,136,5,2025-03-15,redemption,14582
416,22,1,2025-03-16,capital_call,5000
1945,101,3,2025-03-16,distribution,76243
2374,120,20,2025-03-16,distribution,6452
3045,163,23,2025-03-16,subscription,100000
424,23,6,2025-03-17,capital_call,2500
1364,71,5,2025-03-17,capital_call,62500
1720,91,18,2025-03-17,distribution,18069
2463,126,6,2025-03-17,capital_call,6250
2676,140,1,2025-03-17,capital_call,12500
3126,168,10,2025-03-17,distribution,1543
3333,180,4,2025-03-17,distribution,52232
719,35,17,2025-03-18,capital_call,6250
847,42,3,2025-03-19,capital_call,2500
2710,142,6,2025-03-19,capital_call,25000
1586,83,23,2025-03-20,redemption,3233
2373,120,20,2025-03-20,capital_call,10000
1955,101,9,2025-03-22,distribution,3513
2875,155,18,2025-03-22,redemption,114336
686,33,13,2025-03-23,distribution,3721
2742,144,13,2025-03-24,capital_call,12500
16,2,12,2025-03-25,distribution,1463
241,11,18,2025-03-25,distribution,92266
1027,50,12,2025-03-26,capital_call,50000
1146,58,12,2025-03-26,capital_call,2500
1556,81,16,2025-03-26,distribution,16858
2002,104,21,2025-03-26,capital_call,6250
2265,117,5,2025-03-26,capital_call,20000
3365,182,8,2025-03-26,capital_call,33333
3402,184,8,2025-03-26,capital_call,33333
110,5,10,2025-03-27,fee,500
310,15,19,2025-03-27,distribution,2087
567,28,16,2025-03-27,distribution,21129
3399,184,21,2025-03-27,fee,250
3405,184,2,2025-03-27,capital_call,62500
3534,190,12,2025-03-27,redemption,12984
374,19,21,2025-03-28,capital_call,2000
3380,182,23,2025-03-28,capital_call,83333
2686,141,12,2025-03-29,capital_call,3333
2698,141,6,2025-03-29,capital_call,16667
3665,198,15,2025-03-29,capital_call,5000
537,27,8,2025-03-30,redemption,15645
48,3,2,2025-03-31,capital_call,2500
1198,61,5,2025-03-31,distribution,12747
2332,119,21,2025-03-31,distribution,14360
2474,128,6,2025-03-31,capital_call,50000
2691,141,23,2025-03-31,capital_call,5000
3137,169,12,2025-03-31,distribution,49748
855,43,3,2025-04-01,capital_call,20000
1144,58,17,2025-04-01,capital_call,10000
395,21,11,2025-04-02,capital_call,12500
738,36,18,2025-04-02,distribution,9819
1513,79,21,2025-04-02,distribution,27011
2461,126,18,2025-04-02,capital_call,12500
3434,185,12,2025-04-02,distribution,1167
74,4,18,2025-04-04,distribution,18834
804,40,22,2025-04-04,capital_call,25000
1418,74,18,2025-04-04,capital_call,8333
3043,163,8,2025-04-04,capital_call,25000
3683,199,14,2025-04-04,capital_call,50000
2786,147,21,2025-04-05,capital_call,3333
519,27,19,2025-04-06,capital_call,20000
1320,69,21,2025-04-06,distribution,2461
1506,78,21,2025-04-06,distribution,60054
1882,98,12,2025-04-06,distribution,20505
2228,115,6,2025-04-06,capital_call,2000
2581,134,10,2025-04-06,capital_call,50000
3014,161,22,2025-04-06,capital_call,25000
271,13,23,2025-04-07,capital_call,12500
3197,173,18,2025-04-07,capital_call,10000
1497,78,8,2025-04-08,distribution,17231
2706,142,4,2025-04-08,fee,250
1296,68,4,2025-04-09,capital_call,125000
134,7,3,2025-04-10,distribution,2540
532,27,22,2025-04-10,capital_call,20000
63,4,21,2025-04-11,distribution,2662
1422,74,12,2025-04-11,capital_call,12500
2200,113,6,2025-04-11,redemption,164664
2490,128,18,2025-04-11,distribution,2926
350,16,16,2025-04-12,distribution,2881
404,21,12,2025-04-12,capital_call,6250
810,40,12,2025-04-12,capital_call,25000
1624,86,20,2025-04-12,redemption,16695
3381,182,23,2025-04-12,fee,2500
1608,84,22,2025-04-13,fee,100
3397,184,21,2025-04-13,capital_call,6250
32,2,19,2025-04-15,distribution,2048
103,5,17,2025-04-15,capital_call,8333
356,17,18,2025-04-15,capital_call,50000
2273,117,21,2025-04-15,capital_call,5000
3497,189,19,2025-04-15,distribution,27824
502,26,22,2025-04-16,distribution,1839
2043,107,17,2025-04-17,distribution,9736
2171,112,5,2025-04-17,redemption,14885
2361,120,23,2025-04-17,capital_call,5000
2695,141,19,2025-04-17,fee,2500
3392,183,21,2025-04-17,capital_call,50000
3525,190,4,2025-04-17,distribution,21478
1607,84,22,2025-04-18,capital_call,3333
2394,121,19,2025-04-18,distribution,13760
2457,126,4,2025-04-18,capital_call,16667
3346,180,3,2025-04-18,distribution,8996
3374,182,21,2025-04-18,capital_call,62500
3407,184,2,2025-04-18,fee,2500
3626,195,10,2025-04-18,capital_call,10000
2993,160,4,2025-04-19,distribution,3835
3657,197,16,2025-04-19,capital_call,2000
2004,104,19,2025-04-20,capital_call,20000
3047,163,2,2025-04-20,capital_call,8333
180,9,2,2025-04-21,capital_call,2000
221,11,5,2025-04-22,distribution,7841
1029,50,12,2025-04-22,fee,1000
2717,142,3,2025-04-22,distribution,6540
3591,194,11,2025-04-22,distribution,2828
1426,74,3,2025-04-23,capital_call,83333
2454,126,2,2025-04-23,capital_call,2000
2894,156,12,2025-04-23,distribution,5259
3671,199,16,2025-04-23,capital_call,12500
2404,121,12,2025-04-24,distribution,14168
1540,80,13,2025-04-25,capital_call,16667
2850,153,23,2025-04-25,capital_call,2500
42,3,18,2025-04-26,capital_call,2500
1382,72,18,2025-04-26,distribution,15628
275,13,3,2025-04-27,capital_call,83333
3376,182,21,2025-04-27,fee,2500
711,34,18,2025-04-28,distribution,2084
2413,123,19,2025-04-29,distribution,2874
883,43,11,2025-04-30,distribution,3602
2459,126,4,2025-04-30,fee,500
360,17,12,2025-05-01,capital_call,83333
842,42,16,2025-05-01,distribution,3024
1429,74,23,2025-05-01,capital_call,10000
2653,138,6,2025-05-01,capital_call,83333
2740,144,23,2025-05-01,capital_call,25000
3386,183,13,2025-05-01,capital_call,2500
361,17,12,2025-05-02,fee,2500
3486,188,4,2025-05-02,distribution,25562
2735,144,5,2025-05-03,capital_call,2000
3544,191,12,2025-05-03,distribution,3289
552,28,18,2025-05-04,distribution,8275
1149,58,2,2025-05-04,capital_call,33333
1152,58,6,2025-05-04,capital_call,83333
1682,89,19,2025-05-04,capital_call,2500
3684,199,14,2025-05-04,capital_call,50000
109,5,10,2025-05-05,capital_call,16667
2661,138,7,2025-05-05,capital_call,25000
3471,186,16,2025-05-05,distribution,55254
3679,199,20,2025-05-06,capital_call,62500
801,40,21,2025-05-07,capital_call,2000
1585,83,23,2025-05-07,distribution,2329
1793,94,15,2025-05-07,distribution,4140
2435,125,6,2025-05-07,distribution,30102
3121,167,13,2025-05-08,redemption,5555
2839,151,11,2025-05-09,distribution,31836
3619,195,14,2025-05-09,capital_call,8333
3661,197,1,2025-05-09,capital_call,125000
526,27,20,2025-05-10,capital_call,50000
958,47,11,2025-05-10,redemption,8723
2464,126,6,2025-05-11,capital_call,6250
3630,195,20,2025-05-11,capital_call,5000
1419,74,18,2025-05-12,capital_call,8333
3680,199,20,2025-05-12,fee,2500
387,20,15,2025-05-13,capital_call,62500
2231,115,22,2025-05-13,capital_call,10000
2694,141,19,2025-05-13,capital_call,62500
3673,199,16,2025-05-13,fee,500
2270,117,3,2025-05-14,capital_call,5000
1216,62,2,2025-05-15,distribution,4604
2355,120,4,2025-05-16,distribution,11228
2737,144,10,2025-05-16,capital_call,12500
476,25,16,2025-05-17,distribution,659
2587,134,19,2025-05-17,distribution,17365
726,35,6,2025-05-18,distribution,31331
1598,84,20,2025-05-18,fee,250
2266,117,5,2025-05-18,capital_call,20000
3676,199,11,2025-05-18,capital_call,2000
1432,74,11,2025-05-19,capital_call,125000
3616,194,21,2025-05-19,distribution,9595
1147,58,12,2025-05-20,capital_call,2500
38,3,5,2025-05-21,capital_call,62500
3361,181,1,2025-05-21,capital_call,12500
3368,182,1,2025-05-21,capital_call,5000
98,5,13,2025-05-23,capital_call,16667
802,40,21,2025-05-23,fee,100
1072,53,18,2025-05-23,distribution,2020
1781,93,14,2025-05-23,capital_call,6250
2029,107,20,2025-05-23,distribution,637
3183,171,7,2025-05-24,distribution,3677
1946,101,3,2025-05-25,distribution,22333
2368,120,3,2025-05-25,redemption,3599
1677,89,16,2025-05-27,capital_call,6250
3624,195,3,2025-05-27,capital_call,8333
2051,107,21,2025-05-28,distribution,932
400,21,16,2025-05-29,capital_call,6250
849,42,3,2025-05-29,distribution,1851
2626,136,20,2025-05-29,distribution,69709
364,17,5,2025-05-30,capital_call,62500
1602,84,9,2025-05-30,capital_call,62500
2852,153,23,2025-05-30,distribution,2746
292,14,3,2025-05-31,distribution,7457
357,17,18,2025-06-01,capital_call,50000
2020,106,22,2025-06-01,capital_call,12500
2455,126,2,2025-06-01,capital_call,2000
2458,126,4,2025-06-01,capital_call,16667
2497,128,8,2025-06-01,distribution,12714
3483,188,4,2025-06-01,capital_call,20000
1028,50,12,2025-06-02,capital_call,50000
3041,163,16,2025-06-02,capital_call,2000
3044,163,8,2025-06-02,capital_call,25000
3539,190,3,2025-06-02,redemption,6603
3039,163,22,2025-06-03,capital_call,2000
3620,195,14,2025-06-03,fee,250
3668,198,21,2025-06-03,capital_call,3333
690,34,2,2025-06-04,distribution,2871
2807,149,13,2025-06-04,capital_call,8333
2856,153,9,2025-06-04,distribution,3434
3393,183,21,2025-06-04,capital_call,50000
1430,74,23,2025-06-05,capital_call,10000
3370,182,1,2025-06-05,fee,250
2657,138,4,2025-06-06,distribution,42968
2743,144,13,2025-06-06,capital_call,12500
3306,179,23,2025-06-06,distribution,6730
276,13,3,2025-06-07,fee,2500
1423,74,12,2025-06-07,capital_call,12500
2024,106,7,2025-06-07,capital_call,20000
2662,138,7,2025-06-07,capital_call,25000
43,3,18,2025-06-08,capital_call,2500
2711,142,6,2025-06-08,capital_call,25000
1661,87,3,2025-06-09,distribution,4343
1940,101,8,2025-06-09,distribution,66419
2688,141,12,2025-06-09,fee,100
2705,142,4,2025-06-09,capital_call,5000
382,19,8,2025-06-10,fee,1000
2204,113,3,2025-06-10,distribution,6889
1597,84,20,2025-06-12,capital_call,5000
2013,105,7,2025-06-12,distribution,8706
3375,182,21,2025-06-12,capital_call,62500
425,23,6,2025-06-13,capital_call,2500
1536,80,17,2025-06-14,capital_call,10000
2277,117,14,2025-06-14,capital_call,10000
396,21,11,2025-06-15,fee,500
724,35,6,2025-06-15,capital_call,20000
2687,141,12,2025-06-15,capital_call,3333
3654,196,12,2025-06-15,distribution,1893
3120,167,13,2025-06-16,distribution,2725
3258,176,1,2025-06-16,capital_call,5000
3394,183,21,2025-06-16,distribution,45592
1557,81,16,2025-06-17,distribution,13406
3658,197,16,2025-06-18,fee,100
1446,75,7,2025-06-19,distribution,13321
1889,99,11,2025-06-19,distribution,13926
2677,140,1,2025-06-19,capital_call,12500
3369,182,1,2025-06-20,capital_call,5000
1618,86,13,2025-06-21,distribution,29540
3015,161,22,2025-06-21,capital_call,25000
401,21,16,2025-06-22,fee,250
1293,68,16,2025-06-22,capital_call,20000
3672,199,16,2025-06-22,capital_call,12500
49,3,2,2025-06-23,capital_call,2500
2895,156,12,2025-06-23,distribution,5353
3398,184,21,2025-06-23,capital_call,6250
3218,174,3,2025-06-24,distribution,90039
3347,180,3,2025-06-24,redemption,9630
3406,184,2,2025-06-24,capital_call,62500
2232,115,22,2025-06-25,capital_call,10000
2635,137,19,2025-06-25,distribution,7048
3447,186,19,2025-06-25,distribution,79886
351,16,16,2025-06-26,distribution,950
1433,74,11,2025-06-26,capital_call,125000
1667,88,22,2025-06-26,distribution,2615
3627,195,10,2025-06-26,capital_call,10000
135,7,3,2025-06-27,distribution,3709
811,40,12,2025-06-27,capital_call,25000
1603,84,9,2025-06-27,fee,2500
2725,142,7,2025-06-27,capital_call,25000
99,5,13,2025-06-28,fee,500
1816,95,13,2025-06-28,distribution,1885
3663,198,14,2025-06-28,capital_call,125000
2699,141,6,2025-06-29,capital_call,16667
